71101001,3,1,"1,986","$154,700 ",0,1963,B+ / GOOD+,4805 DELEVAN DR,"LYNDHURST, OH. 44124",GOOD,ATTACHED,No,"20,037",8/22/02,$0 ,8/22/02,"$170,000 "
71101002,3,2,"2,029","$152,200 ",0,1890,C+ / AVERAGE+,4839 ANDERSON DR,"LYNDHURST, OH. 44124",GOOD,DETACHED,N/A,"30,000",5/30/91,"$121,500 ",3/12/90,$0 
71101003,2,1,"1,271","$115,900 ",0,1951,B / GOOD,4855 ANDERSON RD,"LYNDHURST, OH. 44124",GOOD,ATTACHED,No,"13,395",7/8/09,"$100,000 ",6/2/09,$0 
71101004,3,1,876,"$72,000 ",0,1950,B / GOOD,4863 ANDERSON RD,"LYNDHURST, OH. 44124",AVERAGE,ATTACHED,No,"12,488",4/19/18,"$72,000 ",7/25/13,"$52,900 "
71101005,3,1,"1,219","$108,700 ",0,1951,B / GOOD,4867 ANDERSON DR,"LYNDHURST, OH. 44124",AVERAGE,ATTACHED,No,"11,605",3/6/18,$0 ,2/28/18,"$115,000 "
71101007,2,1,"1,258","$88,000 ",0,1951,B / GOOD,4879 ANDERSON RD,"LYNDHURST, OH. 44124",FAIR,DETACHED,N/A,"11,000",12/6/17,$0 ,8/29/12,$0 
71101008,2,1,"1,308","$120,000 ",0,1951,B / GOOD,4883 ANDERSON RD,"LYNDHURST, OH. 44124",AVERAGE,ATTACHED,No,"10,000",6/20/08,"$137,000 ",3/26/98,"$93,500 "
71101009,3,1,"1,808","$176,400 ",1,1963,B+ / GOOD+,4849 DELEVAN DR,"LYNDHURST, OH. 44124",GOOD,ATTACHED,No,"10,080",7/26/07,"$142,000 ",8/20/92,"$118,500 "
71101010,3,1,"1,626","$118,300 ",0,1956,B / GOOD,4799 ANDERSON RD,"LYNDHURST, OH. 44124",GOOD,ATTACHED,N/A,"12,524",11/7/80,"$69,000 ",8/18/78,$0 
71101011,3,1,"1,626","$120,000 ",0,1956,B / GOOD,4803 ANDERSON RD,"LYNDHURST, OH. 44124",GOOD,ATTACHED,N/A,"12,261",2/1/12,$0 ,5/21/07,$0 
71101012,2,1,"1,084","$114,300 ",0,1956,B / GOOD,4807 ANDERSON RD,"LYNDHURST, OH. 44124",AVERAGE,ATTACHED,No,"12,261",10/31/17,"$102,000 ",6/4/03,"$152,000 "
71101013,4,1,"1,626","$117,600 ",1,1956,B / GOOD,4811 ANDERSON RD,"LYNDHURST, OH. 44124",AVERAGE,ATTACHED,No,"12,261",4/12/07,"$145,000 ",4/12/07,$0 
71101014,2,1,"1,626","$117,500 ",0,1956,B / GOOD,4819 ANDERSON RD,"LYNDHURST, OH. 44124",AVERAGE,ATTACHED,N/A,"12,200",10/4/17,"$138,000 ",7/25/14,"$63,000 "
71101015,4,2,"1,355","$121,700 ",0,1956,B / GOOD,4823 ANDERSON RD,"LYNDHURST, OH. 44124",GOOD,ATTACHED,No,"12,200",8/28/15,"$160,000 ",2/12/13,"$75,000 "
71101016,3,2,"1,626","$115,000 ",0,1956,B / GOOD,4843 ANDERSON RD,"LYNDHURST, OH. 44124",GOOD,ATTACHED,No,"13,000",6/25/12,"$50,000 ",6/27/06,"$153,500 "
71101017,5,2,"2,251","$190,300 ",1,1963,B+ / GOOD+,4875 DELEVAN DR,"LYNDHURST, OH. 44124",AVERAGE,ATTACHED,No,"10,005",12/3/18,"$180,000 ",11/27/17,$0 
71101018,3,1,"1,725","$157,200 ",1,1963,B+ / GOOD+,4867 DELEVAN DR,"LYNDHURST, OH. 44124",GOOD,ATTACHED,No,"10,005",12/27/93,"$128,000 ",12/19/90,$0 
71101019,3,1,"1,789","$174,600 ",1,1963,B+ / GOOD+,4859 DELEVAN DR,"LYNDHURST, OH. 44124",GOOD,ATTACHED,No,"9,744",10/4/07,$0 ,6/29/00,$0 
71101020,4,2,"2,663","$178,000 ",1,1963,B+ / GOOD+,4841 DELEVAN DR,"LYNDHURST, OH. 44124",GOOD,ATTACHED,No,"9,954",9/10/81,"$90,000 ",8/10/78,"$87,000 "
71101021,3,1,"1,288","$146,100 ",0,1963,B+ / GOOD+,4835 DELEVAN DR,"LYNDHURST, OH. 44124",AVERAGE,ATTACHED,No,"9,975",7/26/04,"$168,900 ",7/2/87,$0 
71101022,4,1,"2,776","$183,000 ",1,1965,B+ / GOOD+,4827 DELEVAN DR,"LYNDHURST, OH. 44124",GOOD,ATTACHED,No,"10,350",1/27/17,"$183,000 ",3/17/15,"$165,000 "
71101023,3,2,"2,615","$180,000 ",0,1963,B+ / GOOD+,4819 DELEVAN DR,"LYNDHURST, OH. 44124",GOOD,ATTACHED,N/A,"10,074",4/19/10,"$159,900 ",7/30/03,$0 
71101024,3,1,"2,404","$209,900 ",1,1963,B+ / GOOD+,4811 DELEVAN DR,"LYNDHURST, OH. 44124",GOOD,ATTACHED,No,"14,810",1/17/19,$0 ,10/23/15,$0 
71101025,3,1,"2,587","$207,400 ",1,1963,B+ / GOOD+,4806 DELEVAN DR,"LYNDHURST, OH. 44124",GOOD,ATTACHED,No,"14,810",6/17/02,"$224,000 ",4/2/99,"$187,000 "
71101026,3,1,"2,338","$189,100 ",1,1963,B+ / GOOD+,4808 DELEVAN DR,"LYNDHURST, OH. 44124",AVERAGE,ATTACHED,No,"27,007",4/23/81,"$77,000 ",4/23/81,$0 
71101027,3,1,"1,250","$145,800 ",1,1964,B+ / GOOD+,4816 DELEVAN DR,"LYNDHURST, OH. 44124",AVERAGE,ATTACHED,No,"13,064",8/12/93,"$113,500 ",5/25/93,$0 
71101028,4,1,"2,338","$164,000 ",1,1964,B+ / GOOD+,4822 DELEVAN DR,"LYNDHURST, OH. 44124",GOOD,ATTACHED,No,"12,075",4/25/08,"$170,000 ",12/19/91,"$122,500 "
71101029,4,2,"2,136","$192,000 ",1,1964,B+ / GOOD+,4832 DELEVAN DR,"LYNDHURST, OH. 44124",GOOD,ATTACHED,No,"11,550",11/5/07,"$167,000 ",3/28/01,$0 
71101030,3,1,"2,766","$211,400 ",1,1964,B+ / GOOD+,4838 DELEVAN DR,"LYNDHURST, OH. 44124",GOOD,ATTACHED,No,"11,760",7/16/85,$0 ,11/16/76,"$61,500 "
71101031,3,2,"2,656","$206,700 ",1,1964,B+ / GOOD+,4846 DELEVAN DR,"LYNDHURST, OH. 44124",GOOD,ATTACHED,N/A,"11,280",11/3/14,"$130,000 ",9/19/11,$0 
71101032,3,1,"2,016","$150,000 ",1,1963,B+ / GOOD+,4856 DELEVAN DR,"LYNDHURST, OH. 44124",GOOD,ATTACHED,No,"11,475",8/26/13,"$114,500 ",4/13/12,"$100,000 "
71101033,3,1,"2,016","$188,000 ",1,1963,B+ / GOOD+,4862 DELEVAN DR,"LYNDHURST, OH. 44124",GOOD,ATTACHED,No,"11,305",3/28/85,$0 ,1/1/75,$0 
71101034,3,1,"1,560","$154,200 ",1,1963,B+ / GOOD+,4876 DELEVAN DR,"LYNDHURST, OH. 44124",AVERAGE,ATTACHED,No,"10,030",12/18/09,"$145,000 ",10/12/04,$0 
71101035,4,2,"2,492","$179,000 ",1,1963,B+ / GOOD+,4877 HARTLEY DR,"LYNDHURST, OH. 44124",GOOD,ATTACHED,N/A,"10,285",2/23/15,"$179,000 ",1/3/14,$0 
71101036,3,2,"1,755","$165,000 ",0,1963,B+ / GOOD+,4863 HARTLEY DR,"LYNDHURST, OH. 44124",GOOD,ATTACHED,No,"11,266",4/7/17,$0 ,7/25/97,"$138,200 "
71101037,3,1,"2,377","$177,200 ",1,1963,B+ / GOOD+,4855 HARTLEY DR,"LYNDHURST, OH. 44124",GOOD,ATTACHED,No,"11,266",7/25/07,$0 ,6/13/86,"$102,000 "
71101038,3,2,"2,428","$194,200 ",1,1963,B+ / GOOD+,4847 HARTLEY DR,"LYNDHURST, OH. 44124",GOOD,ATTACHED,No,"10,395",2/2/07,"$186,000 ",8/15/86,"$102,000 "
71101039,3,1,"2,317","$194,100 ",1,1963,B+ / GOOD+,4839 HARTLEY DR,"LYNDHURST, OH. 44124",GOOD,ATTACHED,No,"10,780",11/22/05,"$189,500 ",5/19/97,"$157,000 "
71101040,3,2,"2,504","$175,000 ",1,1964,B+ / GOOD+,4831 HARTLEY DR,"LYNDHURST, OH. 44124",GOOD,ATTACHED,No,"11,778",7/18/84,"$90,000 ",1/1/75,$0 
71101041,3,2,"2,504","$200,000 ",1,1965,B+ / GOOD+,4823 HARTLEY DR,"LYNDHURST, OH. 44124",GOOD,ATTACHED,No,"12,480",7/31/19,"$166,000 ",11/3/11,$0 
71101042,3,2,"1,660","$140,000 ",0,1963,B+ / GOOD+,4815 HARTLEY DR,"LYNDHURST, OH. 44124",GOOD,ATTACHED,No,"13,677",11/20/13,$0 ,12/10/91,$0 
71101043,2,2,"2,410","$189,100 ",1,1963,B+ / GOOD+,4809 HARTLEY DR,"LYNDHURST, OH. 44124",GOOD,ATTACHED,No,"17,859",9/8/03,$0 ,9/27/00,"$175,000 "
71101044,3,1,"1,806","$166,600 ",2,1963,B+ / GOOD+,4807 HARTLEY DR,"LYNDHURST, OH. 44124",AVERAGE,ATTACHED,N/A,"13,068",7/14/11,"$147,500 ",1/6/06,$0 
71101045,3,1,"1,828","$190,300 ",1,1963,B+ / GOOD+,4810 HARTLEY DR,"LYNDHURST, OH. 44124",GOOD,ATTACHED,No,"23,522",10/21/05,$0 ,9/17/01,"$162,000 "
71101046,4,2,"1,544","$173,700 ",1,1963,B+ / GOOD+,4814 HARTLEY DR,"LYNDHURST, OH. 44124",AVERAGE,ATTACHED,No,"14,374",6/26/13,$0 ,5/28/09,"$143,500 "
71101047,4,1,"1,686","$160,900 ",1,1963,B+ / GOOD+,4818 HARTLEY DR,"LYNDHURST, OH. 44124",AVERAGE,ATTACHED,No,"10,880",5/12/14,$0 ,4/28/00,"$163,000 "
71101048,3,1,"2,015","$171,000 ",2,1963,B+ / GOOD+,4824 HARTLEY DR,"LYNDHURST, OH. 44124",AVERAGE,ATTACHED,No,"11,466",9/1/81,$0 ,10/12/78,"$83,000 "
71101049,4,2,"2,068","$172,600 ",1,1963,B+ / GOOD+,4830 HARTLEY DR,"LYNDHURST, OH. 44124",AVERAGE,ATTACHED,No,"11,700",1/8/82,$0 ,1/1/75,$0 
71101050,3,1,"1,755","$184,800 ",2,1963,B+ / GOOD+,4840 HARTLEY DR,"LYNDHURST, OH. 44124",GOOD,ATTACHED,N/A,"12,561",11/21/17,$0 ,10/8/91,"$117,000 "
71101051,4,2,"1,900","$183,000 ",1,1963,B+ / GOOD+,4848 HARTLEY DR,"LYNDHURST, OH. 44124",GOOD,ATTACHED,No,"12,556",3/25/86,$0 ,3/25/86,"$84,300 "
71101052,4,1,"1,450","$151,300 ",1,1963,B+ / GOOD+,4858 HARTLEY DR,"LYNDHURST, OH. 44124",AVERAGE,ATTACHED,No,"10,050",3/21/91,"$101,000 ",2/27/90,$0 
71101053,3,1,"1,435","$152,700 ",1,1963,B+ / GOOD+,4864 HARTLEY DR,"LYNDHURST, OH. 44124",AVERAGE,ATTACHED,No,"10,425",6/4/97,"$122,000 ",12/27/90,$0 
71101054,4,2,"2,058","$179,800 ",1,1964,B+ / GOOD+,4878 HARTLEY DR,"LYNDHURST, OH. 44124",AVERAGE,ATTACHED,No,"13,770",5/28/15,"$153,000 ",4/12/10,"$145,500 "
71102001,4,1,"1,258","$115,000 ",0,1951,C+ / AVERAGE+,4887 ANDERSON RD,"LYNDHURST, OH. 44124",AVERAGE,ATTACHED,No,"10,000",6/5/19,"$122,000 ",1/26/98,"$91,500 "
71102002,4,1,"1,562","$111,100 ",0,1946,C+ / AVERAGE+,4895 ANDERSON RD,"LYNDHURST, OH. 44124",AVERAGE,ATTACHED,No,"10,000",9/28/15,$0 ,12/21/06,$0 
71102003,3,1,"1,144","$97,600 ",0,1947,C+ / AVERAGE+,4899 ANDERSON RD,"LYNDHURST, OH. 44124",AVERAGE,ATTACHED,N/A,"12,500",11/20/19,"$129,000 ",8/9/19,"$71,000 "
71102004,3,1,"1,144","$117,500 ",0,1947,C+ / AVERAGE+,4903 ANDERSON RD,"LYNDHURST, OH. 44124",AVERAGE,ATTACHED,No,"12,500",5/27/04,"$120,000 ",7/18/96,"$92,500 "
71102005,3,1,"1,594","$111,400 ",1,1947,C+ / AVERAGE+,4907 ANDERSON RD,"LYNDHURST, OH. 44124",AVERAGE,ATTACHED,No,"12,500",9/4/08,"$85,000 ",11/27/07,"$96,667 "
71102006,3,1,"1,144","$117,500 ",0,1947,C+ / AVERAGE+,4911 ANDERSON RD,"LYNDHURST, OH. 44124",AVERAGE,ATTACHED,No,"12,500",12/10/19,"$65,100 ",7/27/04,"$139,900 "
71102007,3,1,"1,648","$112,800 ",0,1947,C+ / AVERAGE+,4919 ANDERSON RD,"LYNDHURST, OH. 44124",AVERAGE,DETACHED,No,"12,500",5/27/87,"$78,000 ",3/21/83,$0 
71102008,3,1,"1,484","$117,500 ",0,1947,C+ / AVERAGE+,4923 ANDERSON RD,"LYNDHURST, OH. 44124",AVERAGE,ATTACHED,No,"12,500",6/11/09,"$115,000 ",6/15/05,"$149,900 "
71102009,3,1,"1,484","$119,500 ",0,1947,C+ / AVERAGE+,4927 ANDERSON RD,"LYNDHURST, OH. 44124",GOOD,DETACHED,No,"12,500",6/29/17,"$114,800 ",12/23/08,$0 
71102010,4,1,"1,911","$119,700 ",1,1947,C+ / AVERAGE+,4931 ANDERSON RD,"LYNDHURST, OH. 44124",AVERAGE,ATTACHED,No,"12,500",10/2/12,"$58,000 ",10/6/11,"$56,667 "
71102011,4,1,"1,452","$117,500 ",1,1947,C+ / AVERAGE+,4939 ANDERSON RD,"LYNDHURST, OH. 44124",AVERAGE,ATTACHED,No,"12,500",12/10/91,"$95,500 ",1/1/75,$0 
71102012,4,1,"2,012","$122,300 ",1,1947,C+ / AVERAGE+,4943 ANDERSON RD,"LYNDHURST, OH. 44124",GOOD,ATTACHED,No,"12,500",1/30/19,"$123,000 ",1/15/08,$0 
71102013,4,1,"1,682","$117,500 ",1,1947,C+ / AVERAGE+,4947 ANDERSON RD,"LYNDHURST, OH. 44124",GOOD,ATTACHED,No,"12,500",6/5/98,$0 ,6/23/78,"$62,900 "
71102014,3,1,"1,144","$117,500 ",0,1947,C+ / AVERAGE+,4951 ANDERSON RD,"LYNDHURST, OH. 44124",AVERAGE,DETACHED,No,"12,500",2/1/08,"$68,400 ",4/13/07,"$116,000 "
71102015,3,1,"1,396","$105,700 ",1,1947,C+ / AVERAGE+,4955 ANDERSON RD,"LYNDHURST, OH. 44124",AVERAGE,DETACHED,No,"12,500",6/30/17,"$90,000 ",5/8/13,"$83,400 "
71102016,3,2,"1,738","$115,100 ",0,1947,C+ / AVERAGE+,4959 ANDERSON RD,"LYNDHURST, OH. 44124",AVERAGE,ATTACHED,N/A,"12,500",11/5/03,"$112,000 ",6/10/99,"$90,000 "
71102017,3,2,"1,456","$117,500 ",0,1947,C+ / AVERAGE+,4967 ANDERSON RD,"LYNDHURST, OH. 44124",AVERAGE,DETACHED,No,"12,500",12/2/99,$0 ,4/28/78,"$66,000 "
71102018,5,1,"2,184","$126,100 ",0,1947,C+ / AVERAGE+,4971 ANDERSON RD,"LYNDHURST, OH. 44124",AVERAGE,DETACHED,No,"12,500",8/21/85,"$58,500 ",9/22/77,"$49,900 "
71102019,4,1,"1,312","$117,500 ",0,1947,C+ / AVERAGE+,4973 ANDERSON RD,"LYNDHURST, OH. 44124",AVERAGE,ATTACHED,N/A,"12,500",3/8/11,"$68,990 ",4/3/07,$0 
71102020,3,1,"1,444","$117,500 ",0,1947,C+ / AVERAGE+,4979 ANDERSON RD,"LYNDHURST, OH. 44124",AVERAGE,ATTACHED,No,"12,500",12/22/09,$0 ,12/15/09,$0 
71102021,3,1,"1,298","$146,800 ",1,1965,B+ / GOOD+,4972 HARTLEY DR,"LYNDHURST, OH. 44124",GOOD,ATTACHED,No,"10,092",1/30/15,"$137,000 ",5/13/11,"$114,130 "
71102022,3,1,"1,722","$157,500 ",1,1964,B+ / GOOD+,4964 HARTLEY DR,"LYNDHURST, OH. 44124",GOOD,ATTACHED,No,"10,092",7/1/19,"$168,000 ",7/9/13,$0 
71102023,3,2,"1,464","$167,200 ",1,1966,B+ / GOOD+,4956 HARTLEY DR,"LYNDHURST, OH. 44124",GOOD,ATTACHED,No,"10,092",7/25/11,"$144,500 ",2/18/00,$0 
71102024,3,2,"1,884","$181,400 ",1,1966,B+ / GOOD+,4948 HARTLEY DR,"LYNDHURST, OH. 44124",GOOD,ATTACHED,No,"10,092",9/3/19,$0 ,3/16/11,"$114,000 "
71102025,3,2,"1,695","$154,000 ",1,1966,B+ / GOOD+,4938 HARTLEY DR,"LYNDHURST, OH. 44124",GOOD,ATTACHED,No,"10,092",9/8/14,$0 ,3/25/11,$0 
71102026,4,2,"1,924","$182,400 ",1,1965,B+ / GOOD+,4928 HARTLEY DR,"LYNDHURST, OH. 44124",GOOD,ATTACHED,No,"10,092",9/13/19,"$182,500 ",3/14/18,$0 
71102027,3,2,"1,464","$167,000 ",1,1966,B+ / GOOD+,4918 HARTLEY DR,"LYNDHURST, OH. 44124",GOOD,ATTACHED,No,"10,208",11/13/09,"$179,900 ",12/23/03,$0 
71102028,4,2,"2,160","$183,000 ",1,1964,B+ / GOOD+,4908 HARTLEY DR,"LYNDHURST, OH. 44124",GOOD,ATTACHED,N/A,"10,208",11/4/19,"$189,900 ",11/4/19,$0 
71102029,4,2,"1,936","$164,400 ",1,1963,B+ / GOOD+,4902 HARTLEY DR,"LYNDHURST, OH. 44124",AVERAGE,ATTACHED,No,"10,208",10/25/18,"$140,000 ",9/12/95,"$143,500 "
71102030,3,1,"2,019","$154,000 ",1,1963,B+ / GOOD+,4890 HARTLEY DR,"LYNDHURST, OH. 44124",AVERAGE,ATTACHED,No,"12,126",12/8/92,"$127,000 ",3/22/85,$0 
71102031,4,3,"2,408","$186,900 ",1,1967,C / AVERAGE,4884 HARTLEY DR,"LYNDHURST, OH. 44124",AVERAGE,ATTACHED,No,"13,200",3/3/15,"$125,000 ",3/3/15,$0 
71102032,4,2,"2,189","$170,000 ",1,1963,B+ / GOOD+,4885 HARTLEY DR,"LYNDHURST, OH. 44124",AVERAGE,ATTACHED,No,"10,200",12/6/14,"$123,000 ",4/30/14,$0 
71102033,3,1,"1,739","$165,000 ",1,1963,B+ / GOOD+,4891 HARTLEY DR,"LYNDHURST, OH. 44124",GOOD,ATTACHED,No,"9,945",2/2/09,"$131,900 ",10/8/97,$0 
71102034,3,1,"1,645","$161,000 ",1,1963,B+ / GOOD+,4901 HARTLEY DR,"LYNDHURST, OH. 44124",GOOD,ATTACHED,No,"9,945",1/24/92,$0 ,7/29/85,"$88,000 "
71102035,3,1,"1,726","$158,000 ",1,1964,B+ / GOOD+,4909 HARTLEY DR,"LYNDHURST, OH. 44124",AVERAGE,ATTACHED,No,"9,945",6/1/78,"$77,800 ",11/22/77,"$72,300 "
71102036,4,2,"1,726","$158,000 ",1,1964,B+ / GOOD+,4917 HARTLEY DR,"LYNDHURST, OH. 44124",AVERAGE,ATTACHED,No,"9,945",11/1/12,"$127,000 ",1/8/02,"$168,500 "
71102037,3,2,"1,752","$100,000 ",0,1966,C+ / AVERAGE+,4925 HARTLEY DR,"LYNDHURST, OH. 44124",AVERAGE,ATTACHED,No,"10,062",2/28/18,$0 ,9/9/16,"$99,000 "
71102038,3,1,"1,672","$175,900 ",1,1965,B+ / GOOD+,4937 HARTLEY DR,"LYNDHURST, OH. 44124",GOOD,ATTACHED,No,"10,062",8/21/03,"$146,000 ",2/10/81,$0 
71102039,4,2,"1,581","$155,000 ",1,1965,B+ / GOOD+,4945 HARTLEY DR,"LYNDHURST, OH. 44124",GOOD,ATTACHED,No,"10,062",11/10/04,"$192,600 ",6/16/82,$0 
71102040,3,1,"1,700","$175,900 ",1,1965,B+ / GOOD+,4953 HARTLEY DR,"LYNDHURST, OH. 44124",GOOD,ATTACHED,No,"10,062",2/1/06,$0 ,10/8/04,"$175,000 "
71102041,3,1,"1,700","$175,900 ",1,1965,B+ / GOOD+,4961 HARTLEY DR,"LYNDHURST, OH. 44124",GOOD,ATTACHED,No,"9,976",6/26/07,"$157,000 ",1/2/01,$0 
71102042,4,2,"2,008","$164,700 ",1,1964,B+ / GOOD+,4969 HARTLEY DR,"LYNDHURST, OH. 44124",AVERAGE,ATTACHED,N/A,"9,976",6/3/19,"$163,000 ",3/11/14,$0 
71102043,3,1,"1,480","$124,700 ",1,1964,B+ / GOOD+,4970 DELEVAN DR,"LYNDHURST, OH. 44124",AVERAGE,ATTACHED,No,"9,976",2/23/16,"$124,750 ",12/30/14,"$47,000 "
71102044,4,2,"1,902","$179,900 ",1,1964,B+ / GOOD+,4962 DELEVAN DR,"LYNDHURST, OH. 44124",GOOD,ATTACHED,No,"9,976",2/9/12,$0 ,7/21/94,"$125,000 "
71102045,4,2,"1,772","$159,800 ",1,1964,B+ / GOOD+,4950 DELEVAN DR,"LYNDHURST, OH. 44124",AVERAGE,ATTACHED,No,"10,062",8/23/05,"$183,000 ",3/17/87,$0 
71102047,4,2,"1,719","$158,400 ",1,1965,B+ / GOOD+,4936 DELEVAN DR,"LYNDHURST, OH. 44124",AVERAGE,ATTACHED,No,"10,062",1/5/17,$0 ,6/25/01,"$149,000 "
71102048,3,1,"1,692","$175,900 ",1,1966,B+ / GOOD+,4926 DELEVAN DR,"LYNDHURST, OH. 44124",GOOD,ATTACHED,N/A,"10,062",7/18/79,"$80,000 ",9/21/78,$0 
71102049,3,1,"1,700","$156,400 ",1,1966,B+ / GOOD+,4916 DELEVAN DR,"LYNDHURST, OH. 44124",AVERAGE,ATTACHED,No,"9,945",6/25/19,"$160,000 ",6/30/17,$0 
71102050,3,2,"1,400","$135,000 ",1,1964,B+ / GOOD+,4910 DELEVAN DR,"LYNDHURST, OH. 44124",GOOD,ATTACHED,N/A,"9,945",10/21/85,"$82,000 ",2/15/77,"$59,000 "
71102051,3,1,"1,558","$154,000 ",1,1963,B+ / GOOD+,4900 DELEVAN DR,"LYNDHURST, OH. 44124",AVERAGE,ATTACHED,No,"9,945",6/2/16,"$119,900 ",3/1/02,$0 
71102052,3,1,"1,558","$154,200 ",1,1963,B+ / GOOD+,4892 DELEVAN DR,"LYNDHURST, OH. 44124",AVERAGE,ATTACHED,No,"10,030",7/31/19,"$173,000 ",8/1/18,"$141,000 "
71102053,3,1,"1,778","$175,900 ",0,1963,C+ / AVERAGE+,4884 DELEVAN DR,"LYNDHURST, OH. 44124",GOOD,ATTACHED,No,"10,030",3/15/19,$0 ,3/15/19,$0 
71102055,3,1,"1,780","$136,000 ",1,1964,B+ / GOOD+,4889 DELEVAN DR,"LYNDHURST, OH. 44124",AVERAGE,ATTACHED,No,"10,005",10/8/15,$0 ,5/12/15,$0 
71102056,3,1,"1,827","$163,100 ",1,1964,B+ / GOOD+,4899 DELEVAN DR,"LYNDHURST, OH. 44124",GOOD,ATTACHED,N/A,"10,005",6/27/19,"$176,500 ",8/5/09,"$126,000 "
71102057,3,1,"1,614","$115,200 ",1,1963,B+ / GOOD+,4907 DELEVAN DR,"LYNDHURST, OH. 44124",AVERAGE,ATTACHED,No,"10,005",1/26/10,"$122,500 ",11/24/03,$0 
71102058,3,2,"2,428","$174,400 ",1,1964,B+ / GOOD+,4915 DELEVAN DR,"LYNDHURST, OH. 44124",AVERAGE,ATTACHED,No,"10,005",7/26/19,"$175,000 ",4/17/19,"$97,000 "
71102059,3,2,"1,744","$185,000 ",1,1963,B+ / GOOD+,4927 DELEVAN DR,"LYNDHURST, OH. 44124",GOOD,ATTACHED,No,"10,005",9/13/01,$0 ,9/13/01,$0 
71102060,3,1,"2,154","$170,000 ",1,1964,B+ / GOOD+,4935 DELEVAN DR,"LYNDHURST, OH. 44124",GOOD,ATTACHED,N/A,"10,005",12/23/99,$0 ,5/16/94,$0 
71102061,4,2,"2,466","$174,600 ",1,1964,B+ / GOOD+,4943 DELEVAN DR,"LYNDHURST, OH. 44124",AVERAGE,ATTACHED,N/A,"10,005",7/7/99,$0 ,8/8/85,"$96,000 "
71102062,3,1,"1,670","$173,400 ",1,1964,B+ / GOOD+,4951 DELEVAN DR,"LYNDHURST, OH. 44124",GOOD,ATTACHED,No,"10,005",7/16/14,"$146,500 ",2/7/14,$0 
71102063,3,1,"1,344","$133,000 ",1,1964,B+ / GOOD+,4963 DELEVAN DR,"LYNDHURST, OH. 44124",AVERAGE,ATTACHED,No,"10,005",4/16/15,"$122,500 ",3/13/02,$0 
71102064,3,2,"2,132","$185,800 ",1,1964,B+ / GOOD+,4971 DELEVAN DR,"LYNDHURST, OH. 44124",GOOD,ATTACHED,No,"10,005",9/30/19,$0 ,6/30/11,"$160,000 "
71103001,4,2,"1,992","$175,000 ",1,1964,B / GOOD,4985 DELEVAN DR,"LYNDHURST, OH. 44124",AVERAGE,ATTACHED,No,"10,005",7/25/14,"$147,000 ",2/27/01,"$175,000 "
71103002,3,1,"1,144","$102,900 ",1,1946,C+ / AVERAGE+,4983 ANDERSON RD,"LYNDHURST, OH. 44124",GOOD,DETACHED,No,"10,005",2/28/18,"$124,900 ",9/15/17,"$30,000 "
71103003,3,1,"1,354","$114,800 ",1,1946,C+ / AVERAGE+,4991 ANDERSON RD,"LYNDHURST, OH. 44124",GOOD,ATTACHED,No,"12,500",12/30/15,$0 ,6/5/15,$0 
71103004,3,1,"1,520","$120,400 ",1,1946,C+ / AVERAGE+,4995 ANDERSON RD,"LYNDHURST, OH. 44124",GOOD,ATTACHED,No,"12,500",9/26/83,"$60,000 ",1/1/75,$0 
71103005,3,1,"1,144","$85,000 ",0,1946,C+ / AVERAGE+,4999 ANDERSON RD,"LYNDHURST, OH. 44124",GOOD,ATTACHED,No,"12,500",12/23/11,$0 ,4/4/11,$0 
71103006,4,2,"1,390","$114,800 ",0,1946,C+ / AVERAGE+,5003 ANDERSON RD,"LYNDHURST, OH. 44124",AVERAGE,ATTACHED,No,"12,500",7/31/13,"$96,900 ",11/29/00,"$114,900 "
71103007,3,1,"1,174","$98,700 ",1,1946,C+ / AVERAGE+,5009 ANDERSON RD,"LYNDHURST, OH. 44124",FAIR,ATTACHED,No,"12,500",8/31/18,"$79,000 ",4/25/12,$0 
71103008,4,1,"1,640","$124,500 ",1,1946,C+ / AVERAGE+,5015 ANDERSON RD,"LYNDHURST, OH. 44124",GOOD,ATTACHED,No,"12,500",11/18/15,"$94,900 ",9/24/09,$0 
71103010,3,1,"1,672","$117,500 ",2,1946,C+ / AVERAGE+,5025 ANDERSON RD,"LYNDHURST, OH. 44124",AVERAGE,ATTACHED,No,"12,500",5/14/12,"$89,000 ",4/3/85,$0 
71103011,3,1,"1,580","$116,600 ",1,1946,C+ / AVERAGE+,5029 ANDERSON RD,"LYNDHURST, OH. 44124",AVERAGE,ATTACHED,No,"15,500",4/24/07,"$150,000 ",3/15/04,"$112,000 "
71103012,3,1,"1,351","$108,400 ",0,1942,C+ / AVERAGE+,5035 ANDERSON RD,"LYNDHURST, OH. 44124",AVERAGE,ATTACHED,N/A,"14,066",7/24/19,$0 ,9/29/17,$0 
71103014,3,1,"1,851","$121,400 ",1,1946,C+ / AVERAGE+,5043 ANDERSON RD,"LYNDHURST, OH. 44124",AVERAGE,ATTACHED,N/A,"14,250",5/4/12,"$72,000 ",3/28/12,$0 
71103016,4,2,"1,660","$119,900 ",0,1951,C+ / AVERAGE+,896 RICHMOND RD,"LYNDHURST, OH. 44124",AVERAGE,ATTACHED,No,"12,350",11/18/09,"$104,000 ",10/13/09,"$76,667 "
71103017,2,1,"1,321","$107,400 ",1,1950,C+ / AVERAGE+,888 RICHMOND RD,"LYNDHURST, OH. 44124",AVERAGE,ATTACHED,N/A,"11,400",3/28/14,"$71,000 ",12/8/04,"$139,900 "
71103018,3,3,"1,706","$118,000 ",1,1953,C+ / AVERAGE+,884 RICHMOND RD,"LYNDHURST, OH. 44124",GOOD,ATTACHED,No,"11,400",10/5/18,"$170,000 ",11/28/17,$0 
71103019,2,1,"1,472","$111,800 ",0,1951,C+ / AVERAGE+,876 RICHMOND RD,"LYNDHURST, OH. 44124",AVERAGE,ATTACHED,No,"11,400",10/9/97,"$107,000 ",10/9/97,$0 
71103020,4,2,"2,210",$0 ,0,1952,C+ / AVERAGE+,872 RICHMOND RD,"LYNDHURST, OH. 44124",AVERAGE,ATTACHED,No,"11,400",7/27/17,$0 ,9/5/14,$0 
71103021,3,1,"1,622","$118,500 ",1,1947,C+ / AVERAGE+,864 RICHMOND RD,"LYNDHURST, OH. 44124",AVERAGE,ATTACHED,No,"12,350",9/16/88,"$76,000 ",9/13/85,$0 
71103022,2,1,"1,624","$118,800 ",1,1947,C+ / AVERAGE+,860 RICHMOND RD,"LYNDHURST, OH. 44124",AVERAGE,ATTACHED,No,"12,350",1/28/11,$0 ,1/1/75,$0 
71103023,4,2,"2,663","$181,500 ",0,1964,B / GOOD,5040 HARTLEY DR,"LYNDHURST, OH. 44124",AVERAGE,ATTACHED,No,"18,750",11/15/16,"$181,500 ",3/27/09,"$162,500 "
71103024,5,3,"3,215","$225,500 ",1,1930,B / GOOD,840 RICHMOND RD,"LYNDHURST, OH. 44124",AVERAGE,DETACHED,No,"78,120",6/22/12,"$155,000 ",6/22/12,$0 
71103025,3,2,"1,864","$175,000 ",1,1986,B / GOOD,5029 HARTLEY DR,"LYNDHURST, OH. 44124",GOOD,ATTACHED,No,"25,200",12/2/94,$0 ,7/24/91,"$145,000 "
71103026,4,2,"2,923","$232,800 ",1,1963,B / GOOD,5013 DELEVAN DR,"LYNDHURST, OH. 44124",GOOD,ATTACHED,N/A,"15,246",12/15/92,"$130,000 ",10/25/90,"$127,000 "
71103027,3,1,"2,333","$199,000 ",1,1963,B / GOOD,5005 DELEVAN DR,"LYNDHURST, OH. 44124",GOOD,ATTACHED,No,"17,424",6/7/19,"$165,000 ",6/15/18,$0 
71103028,3,2,"1,651","$149,000 ",1,1963,B / GOOD,4997 DELEVAN DR,"LYNDHURST, OH. 44124",GOOD,ATTACHED,No,"11,421",1/26/17,$0 ,1/1/75,$0 
71103029,3,2,"1,776","$154,300 ",0,1963,B / GOOD,4995 DELEVAN DR,"LYNDHURST, OH. 44124",AVERAGE,ATTACHED,No,"8,740",11/9/18,"$159,000 ",2/28/14,"$84,600 "
71103030,3,1,"1,835","$177,200 ",2,1963,B / GOOD,4989 DELEVAN DR,"LYNDHURST, OH. 44124",GOOD,ATTACHED,No,"9,775",11/19/15,$0 ,3/10/15,$0 
71103031,3,1,"1,832","$161,600 ",2,1965,B / GOOD,4982 DELEVAN DR,"LYNDHURST, OH. 44124",GOOD,ATTACHED,No,"9,976",7/27/07,"$171,800 ",7/9/01,$0 
71103032,3,1,"2,099","$170,300 ",1,1964,B / GOOD,4988 DELEVAN DR,"LYNDHURST, OH. 44124",AVERAGE,ATTACHED,No,"10,530",5/19/05,"$199,900 ",3/27/01,"$181,000 "
71103033,4,2,"2,122","$185,200 ",1,1963,B / GOOD,4996 DELEVAN DR,"LYNDHURST, OH. 44124",GOOD,ATTACHED,N/A,"10,454",10/9/97,$0 ,11/15/90,$0 
71103034,3,2,"2,636","$182,500 ",1,1964,B / GOOD,5008 DELEVAN DR,"LYNDHURST, OH. 44124",AVERAGE,ATTACHED,No,"10,877",8/22/97,"$151,000 ",8/22/97,$0 
71103035,3,1,"1,700","$185,000 ",1,1965,B / GOOD,4987 HARTLEY DR,"LYNDHURST, OH. 44124",GOOD,ATTACHED,No,"11,948",4/28/15,"$137,500 ",4/6/95,"$135,000 "
71103036,3,1,"1,714","$157,500 ",1,1964,B / GOOD,4983 HARTLEY DR,"LYNDHURST, OH. 44124",GOOD,ATTACHED,N/A,"9,976",5/3/18,"$118,560 ",4/20/18,"$118,560 "
71103037,3,1,"1,714","$174,400 ",1,1963,B / GOOD,4984 HARTLEY DR,"LYNDHURST, OH. 44124",GOOD,ATTACHED,No,"9,860",8/9/16,"$143,000 ",12/27/13,$0 
71103038,4,2,"1,948","$159,800 ",1,1964,B / GOOD,4990 HARTLEY DR,"LYNDHURST, OH. 44124",AVERAGE,ATTACHED,No,"9,120",8/16/01,"$180,000 ",3/22/95,"$122,500 "
71103039,3,1,"1,683","$143,500 ",1,1965,C+ / AVERAGE+,4998 HARTLEY DR,"LYNDHURST, OH. 44124",AVERAGE,ATTACHED,No,"11,011",7/5/11,"$135,000 ",1/19/99,$0 
71103040,4,2,"1,907","$177,800 ",1,1964,B / GOOD,5002 HARTLEY DR,"LYNDHURST, OH. 44124",GOOD,ATTACHED,No,"15,228",5/4/01,"$155,000 ",3/12/97,"$157,000 "
71103041,4,2,"2,341","$187,900 ",1,1964,B / GOOD,5010 HARTLEY DR,"LYNDHURST, OH. 44124",AVERAGE,ATTACHED,No,"17,696",1/23/18,"$179,000 ",7/8/93,$0 
71103042,3,2,"2,677","$193,700 ",1,1963,B / GOOD,5018 HARTLEY DR,"LYNDHURST, OH. 44124",AVERAGE,ATTACHED,No,"17,739",6/27/18,"$203,000 ",3/15/18,$0 
71103043,3,2,"2,160","$199,400 ",1,1963,B / GOOD,5026 HARTLEY DR,"LYNDHURST, OH. 44124",GOOD,ATTACHED,No,"18,500",7/31/01,"$188,000 ",11/26/96,"$153,000 "
71103044,3,2,"2,291","$185,500 ",1,1969,B / GOOD,5034 HARTLEY DR,"LYNDHURST, OH. 44124",GOOD,ATTACHED,No,"18,750",9/12/94,$0 ,11/13/85,"$115,000 "
71104001,4,1,"2,006","$128,900 ",1,1956,B / GOOD,963 PROFESSOR RD,"LYNDHURST, OH. 44124",AVERAGE,ATTACHED,No,"10,260",6/2/11,"$115,010 ",9/8/10,$0 
71104003,4,1,"1,260","$115,000 ",0,1948,C+ / AVERAGE+,4820 ANDERSON RD,"LYNDHURST, OH. 44124",GOOD,ATTACHED,No,"12,648",6/28/19,"$134,900 ",5/29/15,"$77,500 "
71104004,3,1,"1,260","$115,000 ",0,1946,C+ / AVERAGE+,4808 ANDERSON RD,"LYNDHURST, OH. 44124",AVERAGE,ATTACHED,No,"9,486",11/30/18,"$124,000 ",10/2/18,"$80,000 "
71104005,2,1,847,"$103,000 ",0,1948,C+ / AVERAGE+,4824 ANDERSON RD,"LYNDHURST, OH. 44124",AVERAGE,ATTACHED,No,"15,500",11/27/19,$0 ,8/1/18,$0 
71104006,3,1,"1,260","$102,300 ",1,1948,C+ / AVERAGE+,4804 ANDERSON RD,"LYNDHURST, OH. 44124",AVERAGE,ATTACHED,No,"9,486",10/23/91,"$77,900 ",5/6/91,$0 
71104007,4,1,"1,477","$115,000 ",1,1948,C+ / AVERAGE+,4816 ANDERSON RD,"LYNDHURST, OH. 44124",AVERAGE,ATTACHED,No,"12,648",4/27/05,$0 ,3/4/05,$0 
71104008,3,1,"1,260","$115,000 ",1,1948,C+ / AVERAGE+,4812 ANDERSON RD,"LYNDHURST, OH. 44124",AVERAGE,ATTACHED,No,"12,648",6/12/97,$0 ,12/27/91,$0 
71104009,3,1,"1,379","$110,900 ",0,1952,C+ / AVERAGE+,4880 ANDERSON RD,"LYNDHURST, OH. 44124",AVERAGE,ATTACHED,No,"9,936",7/24/18,$0 ,1/1/75,$0 
71104010,3,2,931,"$103,000 ",0,1952,C+ / AVERAGE+,4872 ANDERSON RD,"LYNDHURST, OH. 44124",AVERAGE,ATTACHED,No,"10,080",3/8/02,"$73,000 ",7/3/02,"$136,000 "
71104011,3,1,"1,379","$110,100 ",1,1952,C+ / AVERAGE+,4860 ANDERSON RD,"LYNDHURST, OH. 44124",AVERAGE,ATTACHED,No,"9,590",6/26/02,"$122,500 ",5/9/01,$0 
71104012,4,1,"1,379","$109,100 ",0,1952,C+ / AVERAGE+,4852 ANDERSON RD,"LYNDHURST, OH. 44124",AVERAGE,ATTACHED,No,"9,380",4/27/17,$0 ,5/23/90,"$80,500 "
71104013,4,2,"1,379","$113,800 ",0,1952,C+ / AVERAGE+,4848 ANDERSON RD,"LYNDHURST, OH. 44124",AVERAGE,ATTACHED,No,"12,180",12/14/05,"$127,000 ",12/14/05,$0 
71104014,3,1,"1,379","$80,000 ",0,1952,C+ / AVERAGE+,4840 ANDERSON RD,"LYNDHURST, OH. 44124",AVERAGE,ATTACHED,N/A,"11,690",7/31/12,"$50,000 ",11/25/02,$0 
71104016,3,1,"1,021","$100,500 ",0,1952,C+ / AVERAGE+,931 LEARIDGE RD,"LYNDHURST, OH. 44124",AVERAGE,ATTACHED,No,"8,340",10/26/09,$0 ,3/27/90,$0 
71104017,4,2,"1,267","$149,900 ",0,1952,C+ / AVERAGE+,937 LEARIDGE RD,"LYNDHURST, OH. 44124",AVERAGE,ATTACHED,No,"8,340",8/15/14,"$149,900 ",12/23/13,$0 
71104018,2,1,904,"$104,200 ",0,1952,C+ / AVERAGE+,943 LEARIDGE RD,"LYNDHURST, OH. 44124",AVERAGE,ATTACHED,N/A,"8,340",10/28/19,"$73,334 ",2/5/19,$0 
71104019,4,1,"1,189","$105,600 ",1,1952,C+ / AVERAGE+,949 LEARIDGE RD,"LYNDHURST, OH. 44124",AVERAGE,ATTACHED,No,"8,400",1/19/16,"$84,000 ",1/19/16,$0 
71104020,3,1,"1,561","$115,300 ",1,1952,C+ / AVERAGE+,955 LEARIDGE RD,"LYNDHURST, OH. 44124",AVERAGE,ATTACHED,No,"8,460",9/27/06,$0 ,3/3/82,$0 
71104021,3,2,"1,501","$125,000 ",0,1952,C+ / AVERAGE+,959 LEARIDGE RD,"LYNDHURST, OH. 44124",GOOD,ATTACHED,No,"8,820",9/30/15,"$107,000 ",3/6/14,$0 
71104022,3,1,"1,021","$102,500 ",0,1952,C+ / AVERAGE+,965 LEARIDGE RD,"LYNDHURST, OH. 44124",AVERAGE,ATTACHED,No,"9,394",4/2/03,"$110,000 ",11/27/00,$0 
71104023,3,1,"1,356","$123,100 ",0,1952,C+ / AVERAGE+,971 LEARIDGE RD,"LYNDHURST, OH. 44124",GOOD,ATTACHED,N/A,"9,943",6/1/98,"$114,000 ",12/19/89,$0 
71104024,3,2,"1,376","$113,700 ",0,1953,C+ / AVERAGE+,977 LEARIDGE RD,"LYNDHURST, OH. 44124",AVERAGE,DETACHED,No,"10,140",10/3/17,"$112,000 ",6/20/14,"$87,000 "
71104025,3,1,"1,404","$118,400 ",1,1953,C+ / AVERAGE+,989 LEARIDGE RD,"LYNDHURST, OH. 44124",AVERAGE,ATTACHED,No,"11,880",7/23/07,"$144,900 ",2/10/00,$0 
71104026,3,1,"1,404","$115,600 ",1,1953,C+ / AVERAGE+,995 LEARIDGE RD,"LYNDHURST, OH. 44124",AVERAGE,ATTACHED,No,"10,800",7/20/12,"$117,500 ",8/27/98,"$121,000 "
71104027,3,2,"1,404","$115,400 ",0,1953,C+ / AVERAGE+,1001 LEARIDGE RD,"LYNDHURST, OH. 44124",AVERAGE,ATTACHED,No,"10,800",6/22/98,"$113,000 ",10/30/95,"$96,500 "
71104028,3,1,"1,404","$129,500 ",0,1952,C+ / AVERAGE+,998 LEARIDGE RD,"LYNDHURST, OH. 44124",GOOD,ATTACHED,No,"9,000",8/19/16,"$129,500 ",9/23/09,$0 
71104029,3,1,"1,411","$113,200 ",1,1952,C+ / AVERAGE+,992 LEARIDGE RD,"LYNDHURST, OH. 44124",AVERAGE,ATTACHED,No,"9,000",11/30/07,"$159,000 ",11/27/07,$0 
71104030,2,1,"1,280","$120,300 ",0,1953,C+ / AVERAGE+,986 LEARIDGE RD,"LYNDHURST, OH. 44124",GOOD,ATTACHED,No,"9,120",7/18/11,$0 ,7/18/11,$0 
71104031,2,1,"1,369","$112,400 ",0,1953,C+ / AVERAGE+,980 LEARIDGE RD,"LYNDHURST, OH. 44124",AVERAGE,ATTACHED,No,"9,060",12/3/01,$0 ,4/2/85,$0 
71104032,3,1,"1,326","$111,000 ",1,1952,C+ / AVERAGE+,974 LEARIDGE RD,"LYNDHURST, OH. 44124",AVERAGE,ATTACHED,No,"9,089",10/10/08,$0 ,2/27/85,$0 
71104033,3,1,"1,570","$117,500 ",0,1952,C+ / AVERAGE+,968 LEARIDGE RD,"LYNDHURST, OH. 44124",AVERAGE,ATTACHED,No,"8,967",7/5/07,$0 ,7/5/07,$0 
71104034,3,1,"1,326","$110,700 ",0,1952,C+ / AVERAGE+,962 LEARIDGE RD,"LYNDHURST, OH. 44124",AVERAGE,ATTACHED,No,"8,845",5/12/15,"$90,000 ",3/1/06,"$130,000 "
71104035,3,1,"1,021","$100,300 ",1,1952,C+ / AVERAGE+,956 LEARIDGE RD,"LYNDHURST, OH. 44124",AVERAGE,ATTACHED,No,"8,460",12/21/01,$0 ,9/28/93,"$92,000 "
71104036,3,1,"1,021","$100,600 ",0,1952,C+ / AVERAGE+,950 LEARIDGE RD,"LYNDHURST, OH. 44124",GOOD,ATTACHED,No,"8,340",10/1/03,"$126,900 ",3/15/88,"$65,900 "
71104037,2,1,"1,326","$115,000 ",0,1952,C+ / AVERAGE+,944 LEARIDGE RD,"LYNDHURST, OH. 44124",AVERAGE,ATTACHED,No,"8,400",6/9/08,"$116,600 ",12/18/03,"$130,000 "
71104038,3,1,"1,968","$131,000 ",0,1952,C+ / AVERAGE+,938 LEARIDGE RD,"LYNDHURST, OH. 44124",AVERAGE,ATTACHED,No,"9,800",7/24/01,"$137,200 ",7/31/87,$0 
71104039,3,1,"1,312","$123,500 ",1,1956,C+ / AVERAGE+,933 HANLEY RD,"LYNDHURST, OH. 44124",GOOD,ATTACHED,No,"8,260",1/3/14,$0 ,12/31/13,$0 
71104040,2,1,"1,220","$115,000 ",1,1952,C+ / AVERAGE+,926 LEARIDGE RD,"LYNDHURST, OH. 44124",AVERAGE,ATTACHED,No,"7,840",6/2/15,$0 ,3/10/04,$0 
71104041,3,1,"1,326","$115,000 ",0,1952,C+ / AVERAGE+,932 LEARIDGE RD,"LYNDHURST, OH. 44124",AVERAGE,ATTACHED,No,"8,400",11/15/13,$0 ,6/17/81,"$55,000 "
71104042,4,1,"1,981","$137,400 ",1,1956,C+ / AVERAGE+,953 PROFESSOR RD,"LYNDHURST, OH. 44124",AVERAGE,ATTACHED,No,"13,140",7/31/18,"$150,000 ",9/9/14,$0 
71104043,5,1,"2,667","$145,200 ",1,1956,C+ / AVERAGE+,957 PROFESSOR RD,"LYNDHURST, OH. 44124",AVERAGE,ATTACHED,No,"10,620",8/4/05,$0 ,9/15/83,"$82,000 "
71104044,4,1,"1,725","$122,900 ",1,1956,C+ / AVERAGE+,969 PROFESSOR RD,"LYNDHURST, OH. 44124",AVERAGE,ATTACHED,No,"9,900",5/10/07,"$155,900 ",1/1/75,$0 
71104045,4,1,"1,743","$123,000 ",1,1956,C+ / AVERAGE+,975 PROFESSOR RD,"LYNDHURST, OH. 44124",AVERAGE,ATTACHED,No,"9,540",5/7/04,"$158,000 ",3/1/93,$0 
71104046,4,1,"1,993","$128,000 ",0,1956,C+ / AVERAGE+,981 PROFESSOR RD,"LYNDHURST, OH. 44124",AVERAGE,ATTACHED,No,"9,180",11/15/19,$0 ,6/14/19,$0 
71104047,4,1,"1,627","$118,600 ",1,1956,C+ / AVERAGE+,987 PROFESSOR RD,"LYNDHURST, OH. 44124",AVERAGE,ATTACHED,No,"9,000",8/21/00,$0 ,1/1/75,$0 
71104048,4,1,"1,741","$121,400 ",1,1956,C+ / AVERAGE+,993 PROFESSOR RD,"LYNDHURST, OH. 44124",AVERAGE,ATTACHED,No,"9,000",8/5/14,"$154,500 ",8/11/06,$0 
71104049,4,1,"2,136","$130,600 ",1,1956,C+ / AVERAGE+,999 PROFESSOR RD,"LYNDHURST, OH. 44124",AVERAGE,ATTACHED,No,"9,000",6/26/19,"$120,080 ",4/10/19,"$120,080 "
71104050,4,2,"1,681","$119,800 ",0,1956,C+ / AVERAGE+,1005 PROFESSOR RD,"LYNDHURST, OH. 44124",AVERAGE,ATTACHED,No,"9,000",4/12/10,$0 ,2/15/02,$0 
71104051,4,1,"2,180","$131,400 ",1,1956,C+ / AVERAGE+,1009 PROFESSOR RD,"LYNDHURST, OH. 44124",GOOD,ATTACHED,N/A,"9,000",7/28/93,"$115,000 ",9/28/84,"$71,000 "
71104052,4,2,"1,813","$123,100 ",1,1956,C+ / AVERAGE+,1015 PROFESSOR RD,"LYNDHURST, OH. 44124",GOOD,ATTACHED,No,"9,000",9/14/79,"$75,800 ",1/1/75,$0 
71104053,4,1,"1,993","$127,400 ",1,1956,C+ / AVERAGE+,1019 PROFESSOR RD,"LYNDHURST, OH. 44124",GOOD,ATTACHED,No,"9,000",8/27/19,"$195,000 ",8/25/87,"$102,000 "
71104054,3,1,"1,220","$118,000 ",0,1958,C+ / AVERAGE+,944 HANLEY RD,"LYNDHURST, OH. 44124",AVERAGE,ATTACHED,No,"11,520",5/20/19,$0 ,8/28/85,"$69,000 "
71104055,3,1,"1,490","$117,100 ",0,1958,C+ / AVERAGE+,950 HANLEY RD,"LYNDHURST, OH. 44124",AVERAGE,ATTACHED,N/A,"10,680",10/13/06,"$160,000 ",9/8/05,$0 
71104056,3,2,"1,220","$109,500 ",0,1958,C+ / AVERAGE+,956 HANLEY RD,"LYNDHURST, OH. 44124",AVERAGE,ATTACHED,No,"10,620",8/4/87,$0 ,11/13/79,$0 
71104057,3,1,"1,220","$118,000 ",1,1958,C+ / AVERAGE+,962 HANLEY RD,"LYNDHURST, OH. 44124",AVERAGE,ATTACHED,No,"10,440",1/23/07,"$155,000 ",5/28/99,"$128,000 "
71104058,3,1,"1,320","$118,000 ",1,1957,C+ / AVERAGE+,968 HANLEY RD,"LYNDHURST, OH. 44124",GOOD,ATTACHED,No,"10,080",7/5/18,"$140,000 ",7/17/12,"$102,000 "
71104059,3,1,"1,320","$111,600 ",1,1957,C+ / AVERAGE+,974 HANLEY RD,"LYNDHURST, OH. 44124",AVERAGE,ATTACHED,No,"9,660",4/27/90,"$74,500 ",2/12/90,$0 
71104060,4,1,"2,211","$120,000 ",1,1957,C / AVERAGE,980 HANLEY RD,"LYNDHURST, OH. 44124",AVERAGE,ATTACHED,No,"9,516",3/21/17,"$131,500 ",5/6/15,"$121,678 "
71104061,4,1,"1,806","$122,900 ",1,1957,C+ / AVERAGE+,986 HANLEY RD,"LYNDHURST, OH. 44124",AVERAGE,ATTACHED,N/A,"9,060",7/16/09,"$104,000 ",1/20/95,$0 
71104062,2,1,"1,163","$105,400 ",0,1957,C+ / AVERAGE+,992 HANLEY RD,"LYNDHURST, OH. 44124",GOOD,ATTACHED,No,"8,820",4/22/16,"$66,900 ",11/3/15,"$77,400 "
71104063,2,1,"1,163","$105,300 ",1,1957,C+ / AVERAGE+,998 HANLEY RD,"LYNDHURST, OH. 44124",AVERAGE,ATTACHED,No,"8,760",9/20/12,"$69,000 ",4/17/12,"$73,334 "
71104064,3,1,"1,320","$118,000 ",1,1956,C / AVERAGE,1004 HANLEY RD,"LYNDHURST, OH. 44124",AVERAGE,ATTACHED,No,"8,460",1/5/93,"$114,900 ",10/27/89,"$86,000 "
71104065,3,1,"1,320","$118,000 ",1,1956,C+ / AVERAGE+,1010 HANLEY RD,"LYNDHURST, OH. 44124",AVERAGE,ATTACHED,No,"8,760",6/7/12,$0 ,7/14/99,$0 
71104066,3,1,"1,312","$99,700 ",1,1956,C+ / AVERAGE+,999 HANLEY RD,"LYNDHURST, OH. 44124",AVERAGE,ATTACHED,No,"9,240",11/21/18,$0 ,2/10/10,$0 
71104067,3,1,"1,320","$123,500 ",1,1956,C+ / AVERAGE+,993 HANLEY RD,"LYNDHURST, OH. 44124",AVERAGE,ATTACHED,N/A,"9,180",6/4/18,$0 ,6/1/18,$0 
71104068,3,1,"1,320","$118,000 ",1,1956,C / AVERAGE,987 HANLEY RD,"LYNDHURST, OH. 44124",GOOD,ATTACHED,No,"8,940",1/23/19,"$120,000 ",1/8/15,"$115,000 "
71104069,3,1,"1,312","$110,300 ",1,1956,C+ / AVERAGE+,981 HANLEY RD,"LYNDHURST, OH. 44124",GOOD,ATTACHED,No,"8,906",7/26/13,"$127,000 ",4/8/05,"$162,000 "
71104070,3,1,"1,312","$90,000 ",1,1956,C+ / AVERAGE+,975 HANLEY RD,"LYNDHURST, OH. 44124",AVERAGE,ATTACHED,No,"8,845",1/12/17,$0 ,12/1/16,"$90,000 "
71104071,4,1,"1,563","$115,700 ",1,1956,C+ / AVERAGE+,969 HANLEY RD,"LYNDHURST, OH. 44124",AVERAGE,ATTACHED,No,"8,601",7/16/19,"$138,500 ",8/25/98,$0 
71104072,3,1,"1,320","$109,500 ",1,1956,C+ / AVERAGE+,963 HANLEY RD,"LYNDHURST, OH. 44124",AVERAGE,ATTACHED,No,"8,479",10/15/18,"$125,000 ",7/6/05,"$132,000 "
71104073,3,1,"1,312","$108,600 ",1,1956,C+ / AVERAGE+,957 HANLEY RD,"LYNDHURST, OH. 44124",AVERAGE,ATTACHED,No,"8,460",10/17/19,$0 ,3/24/89,"$85,900 "
71104074,3,1,"1,312","$108,700 ",1,1956,C+ / AVERAGE+,951 HANLEY RD,"LYNDHURST, OH. 44124",AVERAGE,ATTACHED,No,"8,460",4/18/08,"$125,000 ",9/13/99,"$129,000 "
71104075,3,1,"1,320","$123,500 ",1,1956,C+ / AVERAGE+,945 HANLEY RD,"LYNDHURST, OH. 44124",GOOD,ATTACHED,No,"8,400",6/6/16,"$123,500 ",3/1/10,"$120,000 "
71104076,3,1,"1,320","$113,800 ",1,1956,C+ / AVERAGE+,939 HANLEY RD,"LYNDHURST, OH. 44124",GOOD,ATTACHED,No,"9,800",10/31/19,"$126,500 ",2/25/04,"$143,500 "
71104077,4,1,"2,896","$177,000 ",1,1968,B / GOOD,947 PROFESSOR RD,"LYNDHURST, OH. 44124",AVERAGE,ATTACHED,N/A,"10,168",10/3/16,"$177,000 ",8/3/16,$0 
71105001,3,1,"1,312","$110,600 ",1,1956,C+ / AVERAGE+,1019 HANLEY RD,"LYNDHURST, OH. 44124",AVERAGE,ATTACHED,No,"9,240",10/15/02,"$145,000 ",8/16/88,$0 
71105003,3,1,"1,437","$116,500 ",1,1953,C+ / AVERAGE+,1007 LEARIDGE RD,"LYNDHURST, OH. 44124",AVERAGE,ATTACHED,No,"10,800",2/14/01,$0 ,8/3/76,$0 
71105004,2,1,"1,560","$135,000 ",0,1952,C+ / AVERAGE+,1011 LEARIDGE RD,"LYNDHURST, OH. 44124",GOOD,ATTACHED,No,"10,800",7/28/16,"$135,000 ",8/16/13,$0 
71105005,2,1,"1,314","$120,000 ",0,1953,C+ / AVERAGE+,1017 LEARIDGE RD,"LYNDHURST, OH. 44124",GOOD,ATTACHED,No,"10,800",11/1/02,$0 ,10/29/99,"$85,000 "
71105007,3,1,"1,885","$127,500 ",1,1953,C+ / AVERAGE+,1027 LEARIDGE RD,"LYNDHURST, OH. 44124",AVERAGE,ATTACHED,No,"10,800",11/5/04,"$156,000 ",4/1/85,$0 
71105008,2,1,"1,245","$114,000 ",0,1953,C+ / AVERAGE+,1033 LEARIDGE RD,"LYNDHURST, OH. 44124",AVERAGE,ATTACHED,No,"10,800",5/4/05,"$143,000 ",10/10/03,"$126,000 "
71105009,3,2,"1,404","$120,000 ",0,1953,C+ / AVERAGE+,1039 LEARIDGE RD,"LYNDHURST, OH. 44124",GOOD,ATTACHED,No,"10,800",5/20/09,$0 ,8/24/95,"$89,500 "
71105010,3,1,"1,404","$115,600 ",0,1953,C+ / AVERAGE+,1045 LEARIDGE RD,"LYNDHURST, OH. 44124",AVERAGE,ATTACHED,No,"10,800",9/30/16,"$88,000 ",3/19/15,$0 
71105011,3,1,"1,404","$115,400 ",1,1953,C+ / AVERAGE+,1051 LEARIDGE RD,"LYNDHURST, OH. 44124",AVERAGE,ATTACHED,No,"10,800",3/22/19,$0 ,9/4/08,$0 
71105012,3,1,"1,744","$124,800 ",0,1953,C+ / AVERAGE+,4882 RIDGEBURY BLVD,"LYNDHURST, OH. 44124",AVERAGE,ATTACHED,No,"10,395",8/15/05,"$160,000 ",6/19/01,$0 
71105013,2,1,"1,404","$114,900 ",0,1953,C+ / AVERAGE+,4876 RIDGEBURY BLVD,"LYNDHURST, OH. 44124",AVERAGE,ATTACHED,No,"9,900",3/19/85,$0 ,1/1/75,$0 
71105014,3,1,"1,404","$120,000 ",0,1953,C+ / AVERAGE+,4868 RIDGEBURY BLVD,"LYNDHURST, OH. 44124",AVERAGE,ATTACHED,No,"9,900",10/20/04,"$143,000 ",2/11/04,"$115,000 "
71105015,3,1,"1,872","$126,700 ",0,1953,C+ / AVERAGE+,4864 RIDGEBURY BLVD,"LYNDHURST, OH. 44124",GOOD,ATTACHED,N/A,"9,900",6/14/11,$0 ,4/17/06,$0 
71105016,3,1,"1,404","$114,900 ",0,1953,C+ / AVERAGE+,4858 RIDGEBURY BLVD,"LYNDHURST, OH. 44124",AVERAGE,ATTACHED,No,"9,900",12/6/17,"$150,000 ",3/26/07,"$165,000 "
71105017,3,1,"1,170","$95,000 ",1,1953,C+ / AVERAGE+,4852 RIDGEBURY BLVD,"LYNDHURST, OH. 44124",AVERAGE,ATTACHED,No,"9,900",7/7/15,"$80,400 ",7/7/15,$0 
71105018,3,1,"1,442","$115,900 ",0,1953,C+ / AVERAGE+,4846 RIDGEBURY BLVD,"LYNDHURST, OH. 44124",AVERAGE,ATTACHED,No,"9,900",4/20/12,$0 ,1/20/81,$0 
71105019,3,1,"1,404","$115,700 ",1,1953,C+ / AVERAGE+,4840 RIDGEBURY BLVD,"LYNDHURST, OH. 44124",AVERAGE,ATTACHED,No,"10,395",10/2/15,"$115,000 ",5/14/10,"$124,950 "
71105020,3,1,"1,404","$120,000 ",2,1953,C+ / AVERAGE+,4832 RIDGEBURY BLVD,"LYNDHURST, OH. 44124",GOOD,ATTACHED,No,"10,395",12/12/03,$0 ,1/1/75,$0 
71105021,4,2,"1,638","$123,200 ",0,1958,C+ / AVERAGE+,4826 RIDGEBURY BLVD,"LYNDHURST, OH. 44124",AVERAGE,ATTACHED,No,"10,725",7/13/98,$0 ,4/15/93,"$111,500 "
71105022,3,1,"1,728","$125,900 ",0,1953,C+ / AVERAGE+,4820 RIDGEBURY BLVD,"LYNDHURST, OH. 44124",AVERAGE,ATTACHED,No,"10,725",7/27/16,"$80,000 ",10/16/00,"$115,000 "
71105023,2,1,"1,404","$117,700 ",0,1953,C+ / AVERAGE+,4814 RIDGEBURY BLVD,"LYNDHURST, OH. 44124",AVERAGE,ATTACHED,No,"10,725",3/19/04,$0 ,6/29/00,"$108,000 "
71105024,3,1,"1,404","$117,400 ",0,1953,C+ / AVERAGE+,4808 RIDGEBURY BLVD,"LYNDHURST, OH. 44124",AVERAGE,ATTACHED,No,"10,725",4/30/99,"$116,800 ",9/15/77,"$47,000 "
71105025,4,1,"1,738","$129,100 ",0,1953,C+ / AVERAGE+,4800 RIDGEBURY BLVD,"LYNDHURST, OH. 44124",AVERAGE,ATTACHED,No,"11,550",7/3/18,"$125,000 ",7/3/18,$0 
71105026,2,1,"1,404","$113,300 ",0,1953,C+ / AVERAGE+,4801 RIDGEBURY BLVD,"LYNDHURST, OH. 44124",AVERAGE,DETACHED,N/A,"9,396",4/7/04,"$144,000 ",9/30/03,"$97,900 "
71105027,3,2,"1,170","$108,000 ",0,1953,C / AVERAGE,4805 RIDGEBURY BLVD,"LYNDHURST, OH. 44124",AVERAGE,ATTACHED,No,"9,660",11/28/17,$0 ,8/24/15,"$75,000 "
71105028,3,1,"1,572","$118,800 ",1,1953,C+ / AVERAGE+,4811 RIDGEBURY BLVD,"LYNDHURST, OH. 44124",AVERAGE,ATTACHED,No,"9,660",5/29/84,$0 ,1/1/75,$0 
71105029,3,1,"1,404","$114,500 ",1,1953,C+ / AVERAGE+,4817 RIDGEBURY BLVD,"LYNDHURST, OH. 44124",AVERAGE,ATTACHED,No,"9,660",6/14/01,"$128,500 ",8/15/96,"$107,000 "
71105030,4,1,"1,404","$87,300 ",0,1953,C+ / AVERAGE+,4823 RIDGEBURY BLVD,"LYNDHURST, OH. 44124",AVERAGE,DETACHED,No,"7,336",3/12/19,$0 ,2/14/14,"$57,500 "
71105031,3,2,"1,404","$125,900 ",0,1953,C+ / AVERAGE+,4833 RIDGEBURY BLVD,"LYNDHURST, OH. 44124",GOOD,ATTACHED,N/A,"9,920",4/21/15,$0 ,4/10/15,"$105,000 "
71105032,4,1,"1,500","$116,800 ",0,1953,C+ / AVERAGE+,4839 RIDGEBURY BLVD,"LYNDHURST, OH. 44124",AVERAGE,ATTACHED,No,"9,600",11/5/98,$0 ,12/6/93,$0 
71105033,3,2,"1,368","$121,000 ",0,1953,C+ / AVERAGE+,4845 RIDGEBURY BLVD,"LYNDHURST, OH. 44124",AVERAGE,ATTACHED,No,"9,540",8/10/98,"$125,000 ",8/13/93,"$98,000 "
71105034,4,1,"1,404","$100,000 ",0,1953,C+ / AVERAGE+,4851 RIDGEBURY BLVD,"LYNDHURST, OH. 44124",AVERAGE,ATTACHED,No,"9,540",6/14/18,"$100,000 ",6/14/18,$0 
71105035,3,1,"1,404","$116,000 ",0,1953,C+ / AVERAGE+,4857 RIDGEBURY BLVD,"LYNDHURST, OH. 44124",AVERAGE,DETACHED,No,"9,858",11/3/98,"$87,500 ",1/1/75,$0 
71105036,3,1,"1,404","$113,200 ",2,1953,C+ / AVERAGE+,1036 LEARIDGE RD,"LYNDHURST, OH. 44124",AVERAGE,ATTACHED,N/A,"9,000",2/14/03,$0 ,3/25/96,$0 
71105037,2,1,"1,404","$70,300 ",0,1953,C+ / AVERAGE+,1030 LEARIDGE RD,"LYNDHURST, OH. 44124",AVERAGE,ATTACHED,No,"9,000",4/13/18,$0 ,3/26/18,"$70,300 "
71105038,2,1,"1,948","$126,500 ",0,1953,C+ / AVERAGE+,1024 LEARIDGE RD,"LYNDHURST, OH. 44124",AVERAGE,ATTACHED,No,"9,000",3/19/85,$0 ,1/1/75,$0 
71105039,4,2,"1,404","$96,000 ",1,1953,C+ / AVERAGE+,1020 LEARIDGE RD,"LYNDHURST, OH. 44124",AVERAGE,ATTACHED,No,"9,000",7/25/02,$0 ,12/22/99,"$90,000 "
71105040,2,1,"1,404","$113,400 ",0,1953,C+ / AVERAGE+,1016 LEARIDGE RD,"LYNDHURST, OH. 44124",AVERAGE,ATTACHED,No,"9,000",2/1/12,$0 ,1/1/75,$0 
71105041,2,1,"1,160","$115,900 ",0,1953,C+ / AVERAGE+,1010 LEARIDGE RD,"LYNDHURST, OH. 44124",GOOD,ATTACHED,N/A,"9,000",7/3/86,"$80,000 ",1/9/86,"$50,000 "
71105042,4,1,"1,670","$90,000 ",0,1953,C+ / AVERAGE+,1004 LEARIDGE RD,"LYNDHURST, OH. 44124",AVERAGE,ATTACHED,No,"9,000",3/23/18,"$94,000 ",8/12/83,"$70,000 "
71105045,4,1,"1,699","$120,500 ",1,1956,C+ / AVERAGE+,1037 PROFESSOR RD,"LYNDHURST, OH. 44124",AVERAGE,ATTACHED,No,"9,000",10/17/19,"$170,000 ",8/5/04,"$175,000 "
71105046,4,1,"1,708","$120,300 ",1,1956,C+ / AVERAGE+,1029 PROFESSOR RD,"LYNDHURST, OH. 44124",AVERAGE,ATTACHED,N/A,"9,000",8/10/15,"$155,000 ",7/29/05,"$195,000 "
71105047,4,1,"1,627","$130,400 ",1,1956,C+ / AVERAGE+,1025 PROFESSOR RD,"LYNDHURST, OH. 44124",GOOD,ATTACHED,N/A,"9,000",11/18/09,"$125,000 ",12/10/97,$0 
71105048,3,1,"1,312","$118,000 ",1,1956,C+ / AVERAGE+,1016 HANLEY RD,"LYNDHURST, OH. 44124",AVERAGE,ATTACHED,No,"8,760",1/7/16,$0 ,6/14/78,"$64,900 "
71105049,3,1,"1,312","$118,000 ",1,1956,C+ / AVERAGE+,1020 HANLEY RD,"LYNDHURST, OH. 44124",AVERAGE,ATTACHED,No,"8,760",6/29/16,$0 ,6/17/16,"$118,000 "
71105050,2,1,"1,320","$123,500 ",1,1956,C+ / AVERAGE+,1024 HANLEY RD,"LYNDHURST, OH. 44124",AVERAGE,ATTACHED,No,"7,300",4/27/95,"$122,500 ",11/24/87,$0 
71105051,3,1,"1,320","$123,500 ",1,1956,C+ / AVERAGE+,1030 HANLEY RD,"LYNDHURST, OH. 44124",AVERAGE,ATTACHED,No,"8,760",10/13/95,"$114,000 ",10/10/95,$0 
71105052,3,1,"1,312","$123,500 ",1,1956,C+ / AVERAGE+,1036 HANLEY RD,"LYNDHURST, OH. 44124",AVERAGE,ATTACHED,No,"8,760",5/12/17,$0 ,1/22/10,$0 
71105053,3,2,"2,112","$130,100 ",1,1956,C+ / AVERAGE+,1035 HANLEY RD,"LYNDHURST, OH. 44124",GOOD,ATTACHED,N/A,"9,240",10/2/89,"$83,500 ",3/16/79,$0 
71105054,3,1,"1,320","$90,000 ",1,1956,C+ / AVERAGE+,1029 HANLEY RD,"LYNDHURST, OH. 44124",FAIR,ATTACHED,No,"9,240",9/16/16,"$80,000 ",9/12/02,"$145,000 "
71105055,2,1,"1,312","$118,000 ",0,1956,C+ / AVERAGE+,1025 HANLEY RD,"LYNDHURST, OH. 44124",AVERAGE,ATTACHED,No,"9,240",7/22/13,"$81,000 ",7/15/09,$0 
71105056,3,1,"1,320","$118,000 ",1,1956,C+ / AVERAGE+,1015 HANLEY RD,"LYNDHURST, OH. 44124",AVERAGE,ATTACHED,No,"9,240",6/27/96,"$125,000 ",9/6/79,"$75,000 "
71105057,3,1,"1,320","$118,000 ",1,1956,C+ / AVERAGE+,1009 HANLEY RD,"LYNDHURST, OH. 44124",AVERAGE,ATTACHED,No,"9,240",11/14/14,"$124,900 ",5/14/09,"$83,000 "
71105058,2,1,"1,312","$118,000 ",1,1956,C+ / AVERAGE+,1005 HANLEY RD,"LYNDHURST, OH. 44124",AVERAGE,ATTACHED,No,"9,240",5/12/14,$0 ,10/4/85,$0 