39101003,3,2,"1,542","$168,100",0,1987,B+ / GOOD+,22450 ETHEL DR,"STRONGSVILLE, OH. 44149",AVERAGE,ATTACHED,No,"22,041",7/24/2019,$0,5/9/2000,"$135,000"
39101004,3,1,"1,281","$142,900",0,1954,C / AVERAGE,8445 MARKS RD,"STRONGSVILLE, OH. 44149",AVERAGE,DETACHED,N/A,"26,500",9/16/2008,"$135,000",6/10/2003,"$125,000"
39101005,3,1,"1,543","$156,100",1,1956,C / AVERAGE,8133 MARKS RD,"STRONGSVILLE, OH. 44149",AVERAGE,BASEMENT,N/A,"52,206",10/1/2018,"$90,000",10/1/2018,$0
39101006,3,1,"1,452","$151,800",1,1967,C+ / AVERAGE+,8487 MARKS RD,"STRONGSVILLE, OH. 44149",AVERAGE,ATTACHED,No,"20,000",7/24/2019,$0,11/18/2011,$0
39101007,4,2,"2,346","$161,900",0,1967,C+ / AVERAGE+,8577 MARKS RD,"STRONGSVILLE, OH. 44149",AVERAGE,DETACHED,No,"17,500",7/24/1992,$0,11/5/1987,$0
39101009,3,1,"1,384","$140,200",0,1920,C+ / AVERAGE+,8495 MARKS RD,"STRONGSVILLE, OH. 44149",AVERAGE,DETACHED,N/A,"25,375",3/8/2018,$0,8/21/2014,$0
39101010,3,2,"1,280","$137,900",0,1975,C+ / AVERAGE+,8302 LORRAINE RD,"STRONGSVILLE, OH. 44149",AVERAGE,ATTACHED,No,"19,602",9/10/1975,"$13,000",9/9/1975,"$10,000"
39101011,3,2,"1,797","$202,300",1,1990,B+ / GOOD+,22738 LORRAINE DR,"STRONGSVILLE, OH. 44149",GOOD,ATTACHED,N/A,"24,311",5/24/2019,"$218,000",7/19/1989,"$22,000"
39101012,4,2,"1,980","$184,600",0,1975,C+ / AVERAGE+,8306 LORRAINE DR,"STRONGSVILLE, OH. 44149",AVERAGE,ATTACHED,No,"24,393",5/11/2012,"$165,000",2/28/2002,"$175,000"
39101013,3,2,"1,958","$176,400",0,1975,B / GOOD,8312 LORRAINE DR,"STRONGSVILLE, OH. 44149",AVERAGE,ATTACHED,No,"16,380",3/1/2001,$0,2/14/2001,$0
39101014,3,3,"2,823","$214,900",0,1979,B / GOOD,8320 LORRAINE DR,"STRONGSVILLE, OH. 44149",AVERAGE,ATTACHED,N/A,"17,480",6/12/1987,"$95,000",4/19/1985,"$76,500"
39101015,3,2,"1,970","$178,200",0,1980,B / GOOD,8330 LORRAINE DR,"STRONGSVILLE, OH. 44149",GOOD,ATTACHED,No,"153,374",11/3/2004,$0,10/23/2003,$0
39101016,4,2,"2,194","$205,900",1,1990,B+ / GOOD+,8338 LORRAINE DR,"STRONGSVILLE, OH. 44149",GOOD,ATTACHED,N/A,"12,750",11/6/2014,$0,7/13/1990,"$141,300"
39101017,3,2,"2,015","$190,100",0,1980,B+ / GOOD+,8350 LORRAINE DR,"STRONGSVILLE, OH. 44149",AVERAGE,ATTACHED,No,"12,750",4/26/2011,$0,4/30/2007,$0
39101018,4,2,"1,909","$184,900",0,1978,B / GOOD,8356 LORRAINE DR,"STRONGSVILLE, OH. 44149",AVERAGE,ATTACHED,No,"12,750",8/8/1978,"$77,800",6/9/1978,"$10,000"
39101019,3,2,"1,740","$188,200",0,1987,B / GOOD,8362 LORRAINE DR,"STRONGSVILLE, OH. 44149",GOOD,ATTACHED,N/A,"12,750",4/2/1986,"$15,000",12/30/1976,$0
39101020,3,2,"2,017","$178,600",1,1978,B+ / GOOD+,8361 LORRAINE DR,"STRONGSVILLE, OH. 44149",AVERAGE,ATTACHED,No,"15,000",8/28/1991,"$114,000",9/18/1989,"$111,500"
39101021,3,2,"1,923","$173,400",1,1978,B+ / GOOD+,8355 LORRAINE DR,"STRONGSVILLE, OH. 44149",AVERAGE,ATTACHED,No,"15,000",10/18/1989,"$94,000",10/18/1989,"$74,000"
39101022,3,2,"2,006","$180,500",1,1977,B / GOOD,8349 LORRAINE DR,"STRONGSVILLE, OH. 44149",AVERAGE,ATTACHED,No,"15,000",12/20/1996,"$137,500",2/22/1994,"$135,000"
39101023,4,2,"2,472","$184,000",1,1977,B / GOOD,8337 LORRAINE DR,"STRONGSVILLE, OH. 44149",GOOD,ATTACHED,No,"15,000",6/8/1979,"$90,000",12/13/1977,$0
39101024,4,2,"1,914","$177,600",0,1977,C / AVERAGE,8329 LORRAINE DR,"STRONGSVILLE, OH. 44149",AVERAGE,ATTACHED,N/A,"15,000",3/9/2018,"$202,000",10/3/2017,"$124,000"
39101025,4,2,"2,608","$192,700",1,1978,B / GOOD,8323 LORRAINE DR,"STRONGSVILLE, OH. 44149",GOOD,ATTACHED,No,"15,000",6/29/1978,"$78,900",12/13/1977,"$10,000"
39101026,5,3,"1,996","$177,100",1,1978,B / GOOD,8319 LORRAINE DR,"STRONGSVILLE, OH. 44149",AVERAGE,ATTACHED,N/A,"15,000",5/7/2010,"$159,500",7/30/2009,$0
39101027,3,2,"2,010","$161,500",1,1974,B / GOOD,8315 LORRAINE DR,"STRONGSVILLE, OH. 44149",AVERAGE,ATTACHED,No,"17,000",8/29/2016,"$161,500",6/9/2003,"$181,000"
39101028,4,2,"2,728","$210,100",1,1974,B+ / GOOD+,8301 LORRAINE DR,"STRONGSVILLE, OH. 44149",GOOD,ATTACHED,N/A,"28,800",1/18/2005,$0,6/21/1978,"$81,000"
39101029,4,2,"2,168","$185,000",1,1978,B / GOOD,8316 LORRAINE DR,"STRONGSVILLE, OH. 44149",AVERAGE,ATTACHED,No,"14,625",8/1/1978,"$75,000",3/9/1978,$0
39101030,4,1,"1,792","$185,400",1,1987,B / GOOD,8783 MARKS RD,"STRONGSVILLE, OH. 44149",AVERAGE,ATTACHED,N/A,"27,428",7/11/2018,"$208,000",4/22/1988,"$95,900"
39101031,3,2,"1,542","$178,800",0,1987,B+ / GOOD+,8737 MARKS RD,"STRONGSVILLE, OH. 44149",AVERAGE,ATTACHED,N/A,"27,428",7/19/2001,"$152,000",7/19/2001,$0
39101032,4,2,"1,900","$179,400",1,1988,B / GOOD,8691 MARKS RD,"STRONGSVILLE, OH. 44149",AVERAGE,ATTACHED,N/A,"12,750",9/15/1998,"$149,000",8/19/1988,"$95,700"
39101033,4,2,"1,904","$191,700",1,1988,B / GOOD,8645 MARKS RD,"STRONGSVILLE, OH. 44149",AVERAGE,ATTACHED,No,"12,750",3/25/2005,"$184,900",9/8/1999,"$172,000"
39101034,4,1,"1,840","$177,300",1,1988,B / GOOD,8599 MARKS RD,"STRONGSVILLE, OH. 44149",GOOD,ATTACHED,No,"14,960",9/6/1988,"$98,300",6/6/1988,$0
39101035,3,2,"1,964","$174,600",0,1979,B+ / GOOD+,22451 ETHEL DR,"STRONGSVILLE, OH. 44149",AVERAGE,ATTACHED,No,"23,302",4/27/2010,"$157,500",3/28/2008,"$165,000"
39101036,5,1,"1,929","$178,200",1,1980,B / GOOD,22433 ETHEL DR,"STRONGSVILLE, OH. 44149",AVERAGE,ATTACHED,N/A,"28,800",7/27/2005,$0,11/15/2000,$0
39101037,4,2,"2,311","$194,600",0,1980,B / GOOD,22432 ETHEL DR,"STRONGSVILLE, OH. 44149",AVERAGE,ATTACHED,N/A,"36,389",8/12/2004,"$190,000",9/29/2000,"$164,000"
39101038,3,2,"2,025","$187,200",1,1990,B+ / GOOD+,22304 LORRAINE DR,"STRONGSVILLE, OH. 44149",GOOD,ATTACHED,N/A,"14,936",7/15/2019,"$230,000",8/4/2014,"$155,000"
39102001,3,2,"2,261","$259,500",1,1999,B / GOOD,22360 COUNTRY MEADOWS LN,"STRONGSVILLE, OH. 44149",GOOD,ATTACHED,N/A,"14,276",6/29/2007,"$247,000",4/14/2000,"$202,100"
39102002,2,2,"1,996","$207,000",0,1997,B / GOOD,22381 COUNTRY MEADOWS LN,"STRONGSVILLE, OH. 44149",GOOD,ATTACHED,N/A,"10,873",8/4/2011,"$172,500",6/28/2011,"$175,000"
39102004,4,3,"2,816","$313,100",1,1988,B / GOOD,9485 NORTH MARKS RD,"STRONGSVILLE, OH. 44149",GOOD,ATTACHED,No,"36,279",4/30/2019,$0,2/6/2001,$0
39102005,2,1,836,"$126,000",0,1947,C / AVERAGE,9577 MARKS RD,"STRONGSVILLE, OH. 44149",FAIR,DETACHED,N/A,"33,000",3/23/2004,$0,6/3/1986,"$45,600"
39102007,2,1,"1,000","$136,600",0,1943,C+ / AVERAGE+,9533 MARKS RD,"STRONGSVILLE, OH. 44149",FAIR,DETACHED,N/A,"75,794",12/22/2006,$0,1/30/1995,$0
39102008,3,1,"1,327","$136,400",0,1953,B / GOOD,8221 MARKS RD,"STRONGSVILLE, OH. 44149",AVERAGE,ATTACHED,No,"17,500",4/27/1995,$0,8/26/1993,$0
39102009,3,2,"2,076","$186,600",1,1977,B / GOOD,8374 LORRAINE DR,"STRONGSVILLE, OH. 44149",AVERAGE,ATTACHED,N/A,"12,750",10/28/2011,"$138,000",4/23/2008,"$177,500"
39102010,4,2,"2,122","$183,400",1,1977,B+ / GOOD+,8382 LORRAINE DR,"STRONGSVILLE, OH. 44149",AVERAGE,ATTACHED,No,"12,750",9/25/2013,"$169,500",9/13/1999,$0
39102011,4,2,"2,450","$202,800",1,1977,B / GOOD,8390 LORRAINE DR,"STRONGSVILLE, OH. 44149",AVERAGE,ATTACHED,N/A,"12,750",9/10/2007,$0,3/23/1992,"$130,000"
39102012,3,2,"2,208","$199,400",1,1978,B / GOOD,8396 LORRAINE DR,"STRONGSVILLE, OH. 44149",AVERAGE,ATTACHED,No,"12,750",9/9/2013,$0,7/23/2010,$0
39102013,4,2,"2,264","$189,500",1,1977,B+ / GOOD+,8402 LORRAINE DR,"STRONGSVILLE, OH. 44149",AVERAGE,ATTACHED,No,"12,750",3/17/2000,"$120,000",6/29/1978,"$76,000"
39102014,4,2,"1,840","$170,100",0,1977,C / AVERAGE,8416 LORRAINE DR,"STRONGSVILLE, OH. 44149",AVERAGE,ATTACHED,No,"12,750",10/23/2006,"$171,000",8/9/2002,$0
39102015,4,2,"2,084","$188,700",1,1977,B / GOOD,8422 LORRAINE DR,"STRONGSVILLE, OH. 44149",AVERAGE,ATTACHED,N/A,"12,750",7/10/2019,"$220,000",4/12/2019,$0
39102016,4,2,"1,672","$174,700",1,1977,B / GOOD,22418 JONATHAN DR,"STRONGSVILLE, OH. 44149",AVERAGE,ATTACHED,No,"15,120",8/13/1999,"$170,000",9/17/1997,"$148,000"
39102017,3,2,"2,431","$192,400",1,1977,B / GOOD,22400 JONATHAN DR,"STRONGSVILLE, OH. 44149",AVERAGE,ATTACHED,No,"18,360",3/3/2000,$0,5/10/1977,"$67,900"
39102018,4,2,"1,764","$180,500",1,1976,B / GOOD,22419 JONATHAN DR,"STRONGSVILLE, OH. 44149",AVERAGE,ATTACHED,No,"22,950",9/15/1976,"$59,800",5/12/1976,"$10,000"
39102019,4,2,"2,002","$189,800",1,1976,B / GOOD,22401 JONATHAN DR,"STRONGSVILLE, OH. 44149",AVERAGE,ATTACHED,No,"21,525",6/26/2019,"$285,000",4/4/2003,$0
39102020,4,2,"2,084","$182,100",1,1976,B / GOOD,22385 JONATHAN DR,"STRONGSVILLE, OH. 44149",AVERAGE,ATTACHED,No,"20,100",6/22/2018,$0,2/16/2018,$0
39102021,3,2,"2,493","$191,500",1,1977,B / GOOD,22351 JONATHAN DR,"STRONGSVILLE, OH. 44149",AVERAGE,ATTACHED,No,"18,675",5/25/2006,"$68,300",7/28/1992,$0
39102022,3,2,"1,793","$179,000",0,1977,C / AVERAGE,22333 JONATHAN DR,"STRONGSVILLE, OH. 44149",AVERAGE,ATTACHED,N/A,"18,549",9/13/2019,"$190,000",5/19/2015,$0
39102023,4,2,"2,286","$191,400",1,1977,B / GOOD,22327 JONATHAN DR,"STRONGSVILLE, OH. 44149",AVERAGE,ATTACHED,No,"20,988",3/1/2019,"$170,000",8/12/2011,$0
39102024,4,2,"1,804","$184,600",1,1977,B / GOOD,22340 JONATHAN DR,"STRONGSVILLE, OH. 44149",AVERAGE,ATTACHED,No,"14,850",6/7/2002,"$183,900",3/18/1997,"$145,000"
39102025,4,2,"2,112","$187,300",1,1978,B / GOOD,22318 JONATHAN DR,"STRONGSVILLE, OH. 44149",AVERAGE,ATTACHED,No,"20,350",9/2/1987,"$120,000",3/26/1985,$0
39102026,4,2,"2,255","$194,800",1,1977,B / GOOD,8439 LORRAINE DR,"STRONGSVILLE, OH. 44149",AVERAGE,ATTACHED,No,"15,000",12/7/2006,$0,5/17/1991,"$124,800"
39102027,4,2,"2,652","$181,800",1,1977,B / GOOD,8421 LORRAINE DR,"STRONGSVILLE, OH. 44149",AVERAGE,ATTACHED,N/A,"15,000",9/26/1986,"$100,000",10/21/1977,"$82,500"
39102028,4,2,"1,860","$165,300",0,1972,B / GOOD,8415 LORRAINE DR,"STRONGSVILLE, OH. 44149",AVERAGE,ATTACHED,N/A,"15,000",12/22/1977,"$63,500",9/26/1977,$0
39102029,3,2,"2,004","$181,600",1,1977,B / GOOD,8401 LORRAINE DR,"STRONGSVILLE, OH. 44149",AVERAGE,ATTACHED,No,"15,000",6/13/2011,$0,4/2/1985,$0
39102030,3,2,"2,525","$192,700",1,1977,B / GOOD,8395 LORRAINE DR,"STRONGSVILLE, OH. 44149",AVERAGE,ATTACHED,No,"15,000",5/20/2014,$0,3/29/1985,$0
39102031,4,2,"1,928","$182,400",1,1977,B / GOOD,8389 LORRAINE DR,"STRONGSVILLE, OH. 44149",AVERAGE,ATTACHED,N/A,"15,000",9/23/2014,"$172,000",12/22/1977,"$64,500"
39102032,4,2,"2,144","$191,700",1,1977,B / GOOD,8381 LORRAINE DR,"STRONGSVILLE, OH. 44149",AVERAGE,ATTACHED,No,"15,000",5/7/2008,$0,1/4/1978,"$75,900"
39102033,3,2,"2,552","$180,600",1,1977,C+ / AVERAGE+,8373 LORRAINE DR,"STRONGSVILLE, OH. 44149",GOOD,ATTACHED,No,"15,000",11/27/2013,$0,10/21/1986,"$107,000"
39102034,3,2,"2,270","$195,900",0,1979,B / GOOD,8601 BARTON DR,"STRONGSVILLE, OH. 44149",AVERAGE,ATTACHED,No,"19,230",7/19/2019,"$252,500",10/16/1980,"$82,700"
39102035,3,2,"1,644","$168,100",0,1982,B / GOOD,22305 NEEDLEWOOD CIR,"STRONGSVILLE, OH. 44149",GOOD,ATTACHED,N/A,"14,856",10/14/2008,$0,7/20/1993,$0
39102036,3,2,"1,936","$184,300",0,1979,B+ / GOOD+,22309 NEEDLEWOOD CIR,"STRONGSVILLE, OH. 44149",AVERAGE,ATTACHED,No,"13,613",6/3/2011,"$167,000",3/14/2008,$0
39102037,3,2,"1,866","$181,000",0,1980,B / GOOD,22313 NEEDLEWOOD CIR,"STRONGSVILLE, OH. 44149",AVERAGE,ATTACHED,No,"16,510",4/23/2004,"$180,000",9/8/1994,"$131,000"
39102038,3,2,"2,020","$185,500",0,1980,B / GOOD,22317 NEEDLEWOOD CIR,"STRONGSVILLE, OH. 44149",AVERAGE,ATTACHED,No,"14,934",3/12/2003,$0,5/6/1987,"$98,000"
39102039,3,2,"1,875","$183,100",0,1980,B / GOOD,22321 NEEDLEWOOD CIR,"STRONGSVILLE, OH. 44149",AVERAGE,ATTACHED,No,"12,433",12/2/2003,"$182,900",8/24/1998,"$148,000"
39102040,3,2,"1,996","$184,300",0,1980,B / GOOD,22324 NEEDLEWOOD CIR,"STRONGSVILLE, OH. 44149",AVERAGE,ATTACHED,No,"14,475",2/1/2006,"$74,550",8/15/2005,"$183,000"
39102041,3,2,"1,854","$174,300",0,1981,B / GOOD,22320 NEEDLEWOOD CIR,"STRONGSVILLE, OH. 44149",AVERAGE,ATTACHED,No,"10,859",6/28/2007,$0,10/30/2002,$0
39102042,3,2,"1,796","$181,100",0,1981,B / GOOD,22316 NEEDLEWOOD CIR,"STRONGSVILLE, OH. 44149",AVERAGE,ATTACHED,No,"11,831",9/20/2002,$0,9/20/2002,$0
39102043,3,2,"1,968","$181,700",0,1980,B / GOOD,22312 NEEDLEWOOD CIR,"STRONGSVILLE, OH. 44149",AVERAGE,ATTACHED,No,"12,897",1/15/2013,"$115,000",9/20/2004,$0
39102044,3,2,"1,874","$179,500",0,1980,B / GOOD,22308 NEEDLEWOOD CIR,"STRONGSVILLE, OH. 44149",AVERAGE,ATTACHED,No,"13,780",3/30/2012,"$125,000",4/25/2011,$0
39102045,3,2,"1,612","$174,000",0,1981,B / GOOD,22304 NEEDLEWOOD CIR,"STRONGSVILLE, OH. 44149",AVERAGE,ATTACHED,No,"17,745",9/5/1997,"$153,500",6/7/1993,"$128,500"
39102046,3,2,"1,886","$164,500",1,1979,B / GOOD,9034 BARTON DR,"STRONGSVILLE, OH. 44149",AVERAGE,ATTACHED,N/A,"14,299",4/19/2018,"$164,500",8/8/1990,"$122,000"
39102047,3,2,"1,852","$178,300",0,1980,B / GOOD,8962 BARTON DR,"STRONGSVILLE, OH. 44149",AVERAGE,ATTACHED,N/A,"14,188",9/9/2019,"$204,900",3/27/1989,"$106,500"
39102048,3,2,"1,808","$188,800",1,1981,B+ / GOOD+,8890 BARTON DR,"STRONGSVILLE, OH. 44149",AVERAGE,ATTACHED,N/A,"14,212",1/29/1993,"$135,000",12/2/1991,$0
39102049,3,2,"2,332","$202,200",0,1979,B / GOOD,8818 BARTON DR,"STRONGSVILLE, OH. 44149",AVERAGE,ATTACHED,No,"13,809",7/16/1986,"$97,500",2/14/1980,$0
39102050,3,2,"2,080","$188,300",0,1980,B / GOOD,8746 BARTON DR,"STRONGSVILLE, OH. 44149",AVERAGE,ATTACHED,N/A,"13,675",6/11/1997,"$146,000",7/28/1993,"$139,900"
39102051,3,2,"1,787","$172,800",0,1980,B / GOOD,8672 BARTON DR,"STRONGSVILLE, OH. 44149",AVERAGE,ATTACHED,No,"13,667",4/9/2001,$0,2/16/1993,"$116,500"
39102052,3,2,"2,048","$182,000",0,1981,B+ / GOOD+,8600 BARTON DR,"STRONGSVILLE, OH. 44149",AVERAGE,ATTACHED,No,"16,777",11/8/2018,$0,6/10/1993,"$136,900"
39102053,3,2,"2,226","$195,600",1,1981,B+ / GOOD+,8673 BARTON DR,"STRONGSVILLE, OH. 44149",AVERAGE,ATTACHED,N/A,"13,503",9/15/2014,$0,12/29/1998,"$150,000"
39102054,3,2,"1,948","$173,600",0,1980,B / GOOD,8745 BARTON DR,"STRONGSVILLE, OH. 44149",AVERAGE,ATTACHED,No,"13,939",7/22/1996,$0,3/26/1985,$0
39102055,3,2,"1,860","$177,300",1,1980,B / GOOD,8817 BARTON DR,"STRONGSVILLE, OH. 44149",AVERAGE,ATTACHED,No,"13,939",6/21/1994,$0,5/10/1994,"$96,300"
39102056,4,2,"2,531","$214,900",0,1980,B / GOOD,8889 BARTON DR,"STRONGSVILLE, OH. 44149",AVERAGE,ATTACHED,No,"13,503",8/26/2015,"$202,500",10/25/2005,"$230,200"
39102057,3,2,"2,048","$187,900",0,1981,B+ / GOOD+,8961 BARTON DR,"STRONGSVILLE, OH. 44149",AVERAGE,ATTACHED,No,"13,503",3/9/2000,"$156,000",9/12/1994,"$137,000"
39102058,3,2,"1,998","$182,300",0,1980,B / GOOD,9033 BARTON DR,"STRONGSVILLE, OH. 44149",AVERAGE,ATTACHED,N/A,"17,859",2/22/1989,"$108,900",2/22/1989,$0
39102059,3,2,"1,702","$176,300",0,1980,B / GOOD,9105 BARTON DR,"STRONGSVILLE, OH. 44149",AVERAGE,ATTACHED,No,"14,810",8/5/2010,"$160,000",9/10/2007,"$145,000"
39102060,3,2,"2,001","$176,900",0,1980,B / GOOD,9177 BARTON DR,"STRONGSVILLE, OH. 44149",AVERAGE,ATTACHED,No,"13,068",8/29/1990,"$128,000",11/6/1980,"$84,900"
39102061,3,2,"1,828","$179,500",0,1981,B+ / GOOD+,9249 BARTON DR,"STRONGSVILLE, OH. 44149",GOOD,ATTACHED,No,"13,068",6/19/2017,$0,3/10/2015,"$160,000"
39102062,3,2,"1,780","$178,100",0,1980,B / GOOD,9321 BARTON DR,"STRONGSVILLE, OH. 44149",AVERAGE,ATTACHED,N/A,"13,068",10/13/1994,"$129,100",8/19/1994,$0
39102063,3,2,"2,224","$189,200",0,1980,B / GOOD,9393 BARTON DR,"STRONGSVILLE, OH. 44149",AVERAGE,ATTACHED,No,"13,007",10/27/1995,"$154,500",7/27/1990,"$135,000"
39102064,4,2,"2,648","$241,100",1,1987,B+ / GOOD+,22457 JONATHAN DR,"STRONGSVILLE, OH. 44149",AVERAGE,ATTACHED,No,"28,670",11/1/2018,$0,4/21/2000,"$186,000"
39102065,3,2,"2,269","$217,400",1,1988,B / GOOD,9243 MARKS RD,"STRONGSVILLE, OH. 44149",GOOD,ATTACHED,N/A,"23,288",1/2/2004,"$225,100",2/17/1999,"$180,000"
39102066,4,2,"2,301","$206,800",1,1988,B / GOOD,9289 MARKS RD,"STRONGSVILLE, OH. 44149",GOOD,ATTACHED,N/A,"14,434",1/16/1992,"$132,000",10/18/1989,"$20,000"
39102067,3,1,"1,844","$174,100",1,1984,B / GOOD,22455 JONATHAN DR,"STRONGSVILLE, OH. 44149",AVERAGE,ATTACHED,No,"12,750",4/10/2017,"$186,000",3/28/2014,"$157,000"
39102068,3,1,"1,341","$162,500",1,1979,B / GOOD,22437 JONATHAN DR,"STRONGSVILLE, OH. 44149",AVERAGE,ATTACHED,No,"27,481",4/10/2003,$0,6/16/1993,"$108,000"
39102069,3,1,"1,871","$164,600",1,1988,C+ / AVERAGE+,9151 MARKS RD,"STRONGSVILLE, OH. 44149",GOOD,ATTACHED,N/A,"18,920",8/24/1998,"$149,000",6/5/1998,$0
39102070,3,2,"1,426","$187,300",0,1987,B+ / GOOD+,22454 JONATHAN DR,"STRONGSVILLE, OH. 44149",AVERAGE,ATTACHED,No,"28,662",7/3/2019,$0,11/2/2005,"$185,000"
39102071,3,2,"1,664","$170,600",0,1981,B / GOOD,22436 JONATHAN DR,"STRONGSVILLE, OH. 44149",AVERAGE,ATTACHED,No,"17,076",12/12/2006,$0,3/10/2004,$0
39102072,3,2,"1,554","$167,000",0,1988,C+ / AVERAGE+,9105 MARKS RD,"STRONGSVILLE, OH. 44149",AVERAGE,ATTACHED,N/A,"12,750",7/28/2016,"$159,400",7/13/1988,"$98,300"
39102073,3,2,"1,288","$171,700",0,1987,B+ / GOOD+,9059 MARKS RD,"STRONGSVILLE, OH. 44149",AVERAGE,ATTACHED,No,"27,428",12/8/1999,$0,10/28/1992,"$116,000"
39102074,3,2,"1,692","$183,900",1,1988,B / GOOD,9013 MARKS RD,"STRONGSVILLE, OH. 44149",GOOD,ATTACHED,N/A,"27,428",7/13/1998,"$146,000",11/10/1994,"$131,000"
39102075,3,2,"1,862","$190,300",0,1987,B+ / GOOD+,8967 MARKS RD,"STRONGSVILLE, OH. 44149",AVERAGE,ATTACHED,N/A,"27,428",8/24/2006,$0,6/6/1995,$0
39102076,3,2,"1,888","$185,000",1,1988,B / GOOD,8921 MARKS RD,"STRONGSVILLE, OH. 44149",AVERAGE,ATTACHED,N/A,"27,428",4/6/1988,"$102,000",12/4/1987,$0
39102077,4,3,"1,952","$178,500",1,1988,B / GOOD,8875 MARKS RD,"STRONGSVILLE, OH. 44149",AVERAGE,ATTACHED,N/A,"27,428",6/1/2018,"$198,500",9/17/2004,$0
39102078,3,1,"1,792","$173,600",1,1987,B+ / GOOD+,8829 MARKS RD,"STRONGSVILLE, OH. 44149",AVERAGE,ATTACHED,No,"27,428",10/24/2019,"$200,000",7/23/1993,"$129,500"
39102079,3,2,"2,013","$210,200",0,2000,B+ / GOOD+,22444 COUNTRY LN,"STRONGSVILLE, OH. 44149",GOOD,ATTACHED,N/A,"15,910",3/24/2017,$0,6/10/2016,"$220,000"
39102080,3,2,"1,796","$199,900",0,1999,B / GOOD,22430 COUNTRY MEADOWS LN,"STRONGSVILLE, OH. 44149",AVERAGE,ATTACHED,N/A,"14,250",7/14/2017,"$170,000",5/5/2017,"$150,000"
39102081,3,2,"2,058","$240,600",0,1996,B+ / GOOD+,22416 COUNTRY MEADOWS LN,"STRONGSVILLE, OH. 44149",AVERAGE,ATTACHED,N/A,"14,250",10/1/2001,"$224,000",7/24/1998,"$201,000"
39102082,3,2,"2,070","$230,200",0,1996,B+ / GOOD+,22402 COUNTRY MEADOWS LN,"STRONGSVILLE, OH. 44149",AVERAGE,ATTACHED,N/A,"14,250",12/30/2014,"$192,000",10/16/2012,$0
39102083,3,2,"1,808","$215,100",0,1998,B+ / GOOD+,22388 COUNTRY MEADOWS LN,"STRONGSVILLE, OH. 44149",GOOD,ATTACHED,N/A,"14,200",3/16/2005,$0,4/30/2003,"$201,000"
39102084,3,2,"2,058","$231,500",0,1996,B+ / GOOD+,22374 COUNTRY MEADOWS LN,"STRONGSVILLE, OH. 44149",AVERAGE,ATTACHED,N/A,"13,982",10/31/2013,"$205,000",10/31/2013,$0
39102085,3,2,"2,134","$238,400",1,1995,B / GOOD,22346 COUNTRY MEADOWS LN,"STRONGSVILLE, OH. 44149",GOOD,ATTACHED,N/A,"15,197",2/28/2003,"$228,500",11/3/1995,"$156,000"
39102086,3,2,"2,110","$233,600",0,1998,B+ / GOOD+,22332 COUNTRY MEADOWS LN,"STRONGSVILLE, OH. 44149",GOOD,ATTACHED,N/A,"12,312",8/28/1998,"$188,500",8/28/1998,$0
39102087,3,2,"2,388","$260,700",0,1999,B / GOOD,22318 COUNTRY MEADOWS LN,"STRONGSVILLE, OH. 44149",GOOD,ATTACHED,N/A,"13,446",9/10/2018,$0,7/23/2008,$0
39102088,3,2,"1,954","$221,400",0,2000,B+ / GOOD+,22304 COUNTRY MEADOWS LN,"STRONGSVILLE, OH. 44149",GOOD,ATTACHED,N/A,"12,960",6/12/2000,"$203,900",6/12/2000,$0
39102089,3,2,"2,126","$217,600",0,1999,B / GOOD,22290 COUNTRY MEADOWS LN,"STRONGSVILLE, OH. 44149",GOOD,ATTACHED,N/A,"11,934",6/28/2017,"$219,900",5/25/2017,$0
39102090,3,2,"2,122","$234,300",0,1996,B+ / GOOD+,22276 COUNTRY MEADOWS LN,"STRONGSVILLE, OH. 44149",AVERAGE,ATTACHED,N/A,"13,244",4/26/2017,$0,11/8/1996,"$186,500"
39102091,3,2,"1,968","$210,100",0,1998,B+ / GOOD+,22262 COUNTRY MEADOWS LN,"STRONGSVILLE, OH. 44149",GOOD,ATTACHED,N/A,"11,076",5/29/2014,"$200,000",7/14/2011,"$175,000"
39102092,2,3,"2,067","$215,000",0,1999,B / GOOD,22269 COUNTRY MEADOWS LN,"STRONGSVILLE, OH. 44149",GOOD,ATTACHED,N/A,"15,045",8/26/2016,"$215,000",9/13/2013,"$187,000"
39102093,3,2,"2,349","$261,000",0,1999,B / GOOD,22283 COUNTRY MEADOWS LN,"STRONGSVILLE, OH. 44149",GOOD,ATTACHED,N/A,"15,400",12/7/1999,"$210,000",12/7/1999,$0
39102094,3,2,"2,122","$233,700",0,1996,B+ / GOOD+,22395 COUNTRY MEADOWS LN,"STRONGSVILLE, OH. 44149",AVERAGE,ATTACHED,N/A,"13,760",12/28/2009,"$200,000",11/22/1996,"$178,200"
39102095,3,2,"2,067","$231,000",0,1996,B+ / GOOD+,22409 COUNTRY MEADOWS LN,"STRONGSVILLE, OH. 44149",AVERAGE,ATTACHED,N/A,"12,825",6/26/2017,"$231,000",11/20/2015,$0
39102096,3,2,"2,154","$238,600",1,1996,B+ / GOOD+,22423 COUNTRY MEADOWS LN,"STRONGSVILLE, OH. 44149",AVERAGE,ATTACHED,N/A,"12,825",9/24/2008,$0,2/10/1997,"$195,000"
39102097,3,2,"1,659","$207,500",0,1998,B+ / GOOD+,22437 COUNTRY MEADOWS LN,"STRONGSVILLE, OH. 44149",GOOD,ATTACHED,N/A,"12,844",7/18/2003,"$212,000",6/12/2002,$0
39102098,3,2,"1,946","$209,200",0,2000,B+ / GOOD+,22451 COUNTRY MEADOWS RD,"STRONGSVILLE, OH. 44149",GOOD,ATTACHED,N/A,"15,400",6/12/2012,"$167,900",6/10/2004,"$219,900"
39102099,3,2,"2,063","$211,700",0,1998,B+ / GOOD+,9395 MARKS RD,"STRONGSVILLE, OH. 44149",GOOD,ATTACHED,N/A,"12,750",12/10/2010,"$172,500",10/23/2006,$0
39103003,2,1,666,"$77,900",0,1867,D+ / POOR+,22111 SPRAGUE RD,"STRONGSVILLE, OH. 44149",FAIR,DETACHED,No,"11,404",1/24/1992,"$44,000",1/24/1992,$0
39103006,4,2,"2,085","$169,900",1,1956,B / GOOD,8076 PRIEM RD,"STRONGSVILLE, OH. 44149",AVERAGE,BASEMENT,No,"18,564",3/4/2002,"$165,000",8/22/1991,$0
39103007,3,1,"1,740","$139,100",0,1956,C / AVERAGE,8162 PRIEM RD,"STRONGSVILLE, OH. 44149",AVERAGE,NONE,N/A,"15,000",4/21/2015,"$122,000",7/23/1998,"$110,500"
39103008,3,1,"1,008","$135,400",1,1956,C / AVERAGE,8206 PRIEM RD,"STRONGSVILLE, OH. 44149",AVERAGE,ATTACHED,No,"15,000",11/15/2016,"$149,000",7/2/1981,"$58,000"
39103009,3,1,"1,825","$151,400",0,1956,C / AVERAGE,8248 PRIEM RD,"STRONGSVILLE, OH. 44149",GOOD,ATTACHED,N/A,"15,000",5/18/1998,$0,4/3/1985,$0
39103010,3,1,"1,008","$122,700",0,1956,C / AVERAGE,8292 PRIEM RD,"STRONGSVILLE, OH. 44149",AVERAGE,DETACHED,No,"15,000",9/4/2019,"$118,000",12/30/2010,"$73,000"
39103011,4,2,"1,932","$147,900",0,1964,C / AVERAGE,8332 PRIEM RD,"STRONGSVILLE, OH. 44149",AVERAGE,NONE,No,"15,000",5/20/2004,"$163,200",10/20/2000,"$122,500"
39103012,3,1,"1,016","$142,300",0,1956,C / AVERAGE,8376 PRIEM RD,"STRONGSVILLE, OH. 44149",GOOD,DETACHED,No,"15,000",11/29/2012,"$139,900",7/19/2005,$0
39103013,3,3,"1,332","$134,500",0,1959,C+ / AVERAGE+,8418 PRIEM RD,"STRONGSVILLE, OH. 44149",AVERAGE,ATTACHED,No,"15,000",3/31/2000,$0,3/9/1993,"$98,000"
39103014,3,2,"1,529","$146,100",0,1958,C+ / AVERAGE+,8462 PRIEM RD,"STRONGSVILLE, OH. 44149",AVERAGE,ATTACHED,No,"16,500",9/17/2014,"$142,500",1/1/1975,$0
39103015,3,1,"1,335","$125,900",1,1958,C+ / AVERAGE+,8502 PRIEM RD,"STRONGSVILLE, OH. 44149",AVERAGE,ATTACHED,N/A,"15,000",8/12/2011,"$105,000",8/12/2011,$0
39103016,3,1,"1,162","$134,700",1,1958,C+ / AVERAGE+,8548 PRIEM RD,"STRONGSVILLE, OH. 44149",AVERAGE,ATTACHED,No,"15,000",11/19/2013,$0,5/28/1999,"$126,400"
39103017,4,2,"1,932","$155,700",0,1964,C / AVERAGE,8628 PRIEM RD,"STRONGSVILLE, OH. 44149",AVERAGE,DETACHED,No,"15,000",12/5/2001,"$147,000",3/5/2002,$0
39103018,3,1,"1,135","$117,500",0,1957,C+ / AVERAGE+,8670 PRIEM RD,"STRONGSVILLE, OH. 44149",AVERAGE,ATTACHED,No,"15,000",12/21/2016,"$117,500",6/26/2012,$0
39103019,4,1,"1,617","$160,700",1,1969,C+ / AVERAGE+,22667 SPRAGUE RD,"STRONGSVILLE, OH. 44149",AVERAGE,ATTACHED,No,"22,568",9/12/2012,"$142,000",2/27/1989,$0
39103020,4,1,"1,852","$173,400",1,1960,C+ / AVERAGE+,22629 SPRAGUE RD,"STRONGSVILLE, OH. 44149",AVERAGE,ATTACHED,No,"21,700",10/25/2000,"$172,000",9/19/1978,"$83,000"
39103021,4,1,"1,932","$173,500",1,1963,B / GOOD,22563 SPRAGUE RD,"STRONGSVILLE, OH. 44149",AVERAGE,DETACHED,No,"21,700",10/4/2012,$0,12/30/2010,$0
39103022,3,1,"1,050","$118,400",1,1960,C+ / AVERAGE+,22555 SPRAGUE RD,"STRONGSVILLE, OH. 44149",AVERAGE,ATTACHED,No,"21,700",2/27/1991,$0,12/29/1975,$0
39103023,3,1,"2,096","$177,100",0,1961,C+ / AVERAGE+,22519 SPRAGUE RD,"STRONGSVILLE, OH. 44149",AVERAGE,ATTACHED,N/A,"18,748",11/18/1988,$0,6/9/1976,"$51,700"
39103024,4,2,"1,800","$145,800",0,1958,C / AVERAGE,22449 SPRAGUE RD,"STRONGSVILLE, OH. 44149",AVERAGE,DETACHED,No,"13,108",7/20/1989,"$75,000",12/29/1978,"$65,000"
39103026,4,3,"2,164","$185,500",0,1956,B / GOOD,22341 SPRAGUE RD,"STRONGSVILLE, OH. 44149",AVERAGE,ATTACHED,N/A,"29,185",5/29/2008,"$125,000",6/22/1990,$0
39103027,4,2,"2,112","$187,700",0,1975,B / GOOD,22301 SPRAGUE RD,"STRONGSVILLE, OH. 44149",AVERAGE,ATTACHED,No,"18,295",4/25/2013,$0,3/10/2008,"$160,000"
39103028,3,1,"1,625","$156,200",1,1958,C+ / AVERAGE+,22227 SPRAGUE RD,"STRONGSVILLE, OH. 44149",AVERAGE,ATTACHED,No,"17,484",8/3/2018,"$120,100",9/7/2017,$0
39103029,3,1,"1,092","$146,800",0,1959,C / AVERAGE,22193 SPRAGUE RD,"STRONGSVILLE, OH. 44149",AVERAGE,BASEMENT,N/A,"13,575",9/9/2016,"$179,500",4/30/2015,"$65,000"
39103031,3,1,"1,024","$141,600",0,1956,C+ / AVERAGE+,22147 SPRAGUE RD,"STRONGSVILLE, OH. 44149",AVERAGE,DETACHED,N/A,"12,600",4/16/2019,$0,7/28/2006,"$86,000"
39103032,3,1,"1,348","$118,200",0,1956,C+ / AVERAGE+,22119 SPRAGUE RD,"STRONGSVILLE, OH. 44149",AVERAGE,ATTACHED,No,"12,375",1/22/1992,"$77,000",10/5/1989,$0
39103034,4,1,"1,748","$143,900",1,1972,B / GOOD,22297 LORRAINE DR,"STRONGSVILLE, OH. 44149",GOOD,ATTACHED,No,"18,000",10/20/2015,"$156,500",6/1/1988,"$81,000"
39103035,4,2,"2,100","$177,700",0,1974,B / GOOD,22226 LORRAINE DR,"STRONGSVILLE, OH. 44149",AVERAGE,ATTACHED,N/A,"13,572",10/19/2018,"$165,000",3/2/1999,$0
39103037,4,2,"2,294","$177,700",1,1972,B / GOOD,8245 LINCOLNSHIRE BLVD,"STRONGSVILLE, OH. 44149",AVERAGE,ATTACHED,No,"21,948",2/5/2010,$0,10/28/2009,"$130,000"
39103038,3,1,"2,016","$167,700",1,1967,B / GOOD,8249 LINCOLNSHIRE BLVD,"STRONGSVILLE, OH. 44149",AVERAGE,ATTACHED,No,"12,496",6/6/2017,$0,1/25/2006,$0
39103039,4,2,"1,472","$149,600",0,1967,B / GOOD,8285 LINCOLNSHIRE BLVD,"STRONGSVILLE, OH. 44149",AVERAGE,ATTACHED,N/A,"11,627",6/14/2012,$0,8/20/2004,"$187,250"
39103040,3,1,"1,778","$159,300",1,1967,C+ / AVERAGE+,8293 LINCOLNSHIRE BLVD,"STRONGSVILLE, OH. 44149",AVERAGE,ATTACHED,No,"11,550",9/9/2002,"$156,500",1/17/1995,"$125,000"
39103041,4,1,"1,764","$146,200",1,1967,C+ / AVERAGE+,8333 LINCOLNSHIRE BLVD,"STRONGSVILLE, OH. 44149",AVERAGE,ATTACHED,No,"11,550",3/31/2014,$0,4/12/2013,"$130,000"
39103042,3,1,"1,612","$161,300",1,1968,C+ / AVERAGE+,8373 LINCOLNSHIRE BLVD,"STRONGSVILLE, OH. 44149",AVERAGE,ATTACHED,No,"11,550",12/26/2007,"$169,900",3/22/1999,"$135,000"
39103043,4,1,"1,164","$158,700",1,1967,C+ / AVERAGE+,8415 LINCOLNSHIRE BLVD,"STRONGSVILLE, OH. 44149",AVERAGE,ATTACHED,N/A,"11,550",6/25/2019,"$193,000",4/4/2014,"$161,000"
39103044,3,1,"1,642","$144,600",1,1967,C+ / AVERAGE+,8455 LINCOLNSHIRE BLVD,"STRONGSVILLE, OH. 44149",AVERAGE,ATTACHED,N/A,"11,550",10/29/2001,$0,10/29/2001,"$118,000"
39103045,3,1,"1,680","$139,500",1,1968,B / GOOD,8463 LINCOLNSHIRE BLVD,"STRONGSVILLE, OH. 44149",AVERAGE,ATTACHED,N/A,"11,550",2/28/2008,"$123,000",12/20/1996,"$40,000"
39103046,3,2,"1,846","$154,100",1,1965,C+ / AVERAGE+,8503 LINCOLNSHIRE BLVD,"STRONGSVILLE, OH. 44149",AVERAGE,ATTACHED,N/A,"11,550",12/14/1998,"$132,000",4/7/1988,"$81,000"
39103047,3,1,"1,684","$139,800",0,1963,C+ / AVERAGE+,8545 LINCOLNSHIRE BLVD,"STRONGSVILLE, OH. 44149",AVERAGE,ATTACHED,No,"11,550",10/15/2019,$0,8/30/2017,"$147,000"
39103048,3,1,"1,636","$124,600",1,1963,C+ / AVERAGE+,8549 LINCOLNSHIRE BLVD,"STRONGSVILLE, OH. 44149",AVERAGE,ATTACHED,N/A,"11,550",4/2/2019,"$175,000",3/8/2018,"$91,600"
39103049,3,1,"1,012","$125,800",0,1962,C / AVERAGE,8629 LINCOLNSHIRE BLVD,"STRONGSVILLE, OH. 44149",AVERAGE,DETACHED,No,"11,550",12/18/2000,$0,7/20/2000,$0
39103050,3,1,"1,636","$139,500",1,1962,C+ / AVERAGE+,8671 LINCOLNSHIRE BLVD,"STRONGSVILLE, OH. 44149",AVERAGE,ATTACHED,No,"11,550",1/29/2016,"$145,000",5/26/2010,$0
39103052,3,1,"1,634","$141,500",1,1965,C+ / AVERAGE+,8674 LINCOLNSHIRE BLVD,"STRONGSVILLE, OH. 44149",AVERAGE,ATTACHED,No,"11,550",1/30/1979,$0,1/1/1975,$0
39103053,3,1,"1,834","$148,100",1,1965,C+ / AVERAGE+,8632 LINCOLNSHIRE BLVD,"STRONGSVILLE, OH. 44149",AVERAGE,ATTACHED,No,"11,550",12/27/1990,$0,10/2/1975,"$45,000"
39103054,3,1,"1,304","$149,000",1,1965,C+ / AVERAGE+,8624 LINCOLNSHIRE BLVD,"STRONGSVILLE, OH. 44149",AVERAGE,ATTACHED,No,"11,550",5/16/2012,"$149,000",5/6/2011,"$57,500"
39103055,4,2,"1,990","$149,800",0,1965,C+ / AVERAGE+,8584 LINCOLNSHIRE BLVD,"STRONGSVILLE, OH. 44149",AVERAGE,ATTACHED,No,"11,550",4/26/1983,$0,12/22/1976,"$53,000"
39103056,3,1,"1,736","$149,200",1,1966,C+ / AVERAGE+,8544 LINCOLNSHIRE BLVD,"STRONGSVILLE, OH. 44149",AVERAGE,ATTACHED,No,"11,550",10/17/2006,"$147,000",10/17/2006,$0
39103057,3,1,"1,076","$149,100",1,1966,C+ / AVERAGE+,8502 LINCOLNSHIRE BLVD,"STRONGSVILLE, OH. 44149",GOOD,ATTACHED,N/A,"11,550",3/14/2019,$0,9/4/1986,$0
39103058,3,1,"1,644","$158,600",1,1966,C+ / AVERAGE+,8498 LINCOLNSHIRE BLVD,"STRONGSVILLE, OH. 44149",AVERAGE,ATTACHED,N/A,"11,550",6/5/2009,"$155,000",12/22/2008,"$100,000"
39103059,4,1,"1,880","$151,400",1,1966,C+ / AVERAGE+,8458 LINCOLNSHIRE BLVD,"STRONGSVILLE, OH. 44149",AVERAGE,ATTACHED,No,"11,550",3/11/1994,"$122,400",12/18/1985,"$67,000"
39103060,3,1,"1,604","$156,400",1,1967,C+ / AVERAGE+,8418 LINCOLNSHIRE BLVD,"STRONGSVILLE, OH. 44149",GOOD,ATTACHED,N/A,"11,550",6/28/2019,"$180,000",9/17/2008,"$160,000"
39103061,3,1,"1,676","$147,600",1,1967,C+ / AVERAGE+,8376 LINCOLNSHIRE BLVD,"STRONGSVILLE, OH. 44149",AVERAGE,ATTACHED,No,"11,550",1/17/2006,"$183,000",4/28/2005,$0
39103062,4,1,"1,636","$156,000",0,1963,C / AVERAGE,8368 LINCOLNSHIRE BLVD,"STRONGSVILLE, OH. 44149",GOOD,DETACHED,No,"11,550",12/13/2019,"$157,100",3/3/2003,"$183,000"
39103063,3,1,"1,848","$151,800",1,1968,C+ / AVERAGE+,8328 LINCOLNSHIRE BLVD,"STRONGSVILLE, OH. 44149",AVERAGE,ATTACHED,N/A,"11,550",1/15/2002,"$138,500",6/20/1989,"$88,500"
39103064,3,1,"1,212","$143,300",1,1968,C+ / AVERAGE+,8288 LINCOLNSHIRE BLVD,"STRONGSVILLE, OH. 44149",AVERAGE,ATTACHED,N/A,"11,550",11/27/2000,"$146,000",8/6/1990,"$94,000"
39103065,3,1,"1,792","$163,100",1,1971,B / GOOD,8248 LINCOLNSHIRE BLVD,"STRONGSVILLE, OH. 44149",AVERAGE,ATTACHED,No,"12,150",7/28/1994,"$119,000",10/16/1986,"$81,000"
39103066,3,1,"1,608","$135,400",1,1971,C+ / AVERAGE+,8251 CELIANNA DR,"STRONGSVILLE, OH. 44149",AVERAGE,ATTACHED,No,"14,100",4/23/2014,"$120,000",4/19/2006,"$156,500"
39103067,3,1,"1,520","$147,400",1,1971,C+ / AVERAGE+,8281 CELIANNA DR,"STRONGSVILLE, OH. 44149",AVERAGE,ATTACHED,No,"12,600",8/7/1995,"$121,000",8/18/1992,"$109,700"
39103068,3,1,"2,304","$171,100",1,1971,C+ / AVERAGE+,8289 CELIANNA DR,"STRONGSVILLE, OH. 44149",AVERAGE,ATTACHED,N/A,"12,600",11/10/1988,"$86,000",4/25/1983,$0
39103069,4,1,"1,543","$162,900",1,1971,C+ / AVERAGE+,8301 CELIANNA DR,"STRONGSVILLE, OH. 44149",AVERAGE,ATTACHED,No,"12,600",5/22/2012,"$163,500",9/22/2005,"$168,500"
39103070,3,1,"1,608","$145,600",1,1971,C+ / AVERAGE+,8313 CELIANNA DR,"STRONGSVILLE, OH. 44149",AVERAGE,ATTACHED,No,"12,600",1/3/1995,"$115,000",2/5/1992,"$102,000"
39103071,4,1,"1,836","$142,800",1,1970,C+ / AVERAGE+,8321 CELIANNA DR,"STRONGSVILLE, OH. 44149",AVERAGE,ATTACHED,No,"12,600",9/17/2013,"$129,000",1/1/1975,$0
39103072,3,1,"1,589","$136,400",1,1970,C+ / AVERAGE+,8325 CELIANNA DR,"STRONGSVILLE, OH. 44149",AVERAGE,ATTACHED,No,"12,600",5/29/2008,$0,8/11/1989,$0
39103073,3,1,"1,420","$141,400",1,1972,C+ / AVERAGE+,8337 CELIANNA DR,"STRONGSVILLE, OH. 44149",AVERAGE,ATTACHED,No,"13,440",10/15/2010,$0,3/30/1985,$0
39103074,3,1,"1,608","$144,800",1,1970,C / AVERAGE,8345 CELIANNA DR,"STRONGSVILLE, OH. 44149",AVERAGE,ATTACHED,No,"12,600",11/29/2017,"$162,500",9/10/2002,"$146,000"
39103075,4,1,"1,543","$152,700",1,1970,C+ / AVERAGE+,8355 CELIANNA DR,"STRONGSVILLE, OH. 44149",AVERAGE,ATTACHED,No,"12,600",4/28/1992,$0,11/2/1981,"$67,000"
39103076,3,1,"1,638","$147,500",1,1971,C+ / AVERAGE+,8365 CELIANNA DR,"STRONGSVILLE, OH. 44149",AVERAGE,ATTACHED,N/A,"12,600",4/15/2016,"$149,000",5/5/2009,$0
39103077,3,1,"1,520","$132,000",1,1971,C+ / AVERAGE+,8369 CELIANNA DR,"STRONGSVILLE, OH. 44149",AVERAGE,ATTACHED,No,"12,600",12/10/2015,"$132,000",12/6/2010,"$137,000"
39103078,3,1,"1,792","$160,600",1,1971,C+ / AVERAGE+,8381 CELIANNA DR,"STRONGSVILLE, OH. 44149",AVERAGE,ATTACHED,No,"12,600",6/25/2001,"$165,000",8/25/1998,"$138,000"
39103079,4,2,"1,792","$168,400",1,1970,C+ / AVERAGE+,8342 CELIANNA DR,"STRONGSVILLE, OH. 44149",GOOD,ATTACHED,No,"12,600",3/25/1998,$0,9/18/1995,"$136,500"
39103080,3,1,"1,520","$156,600",1,1970,C+ / AVERAGE+,8338 CELIANNA DR,"STRONGSVILLE, OH. 44149",GOOD,ATTACHED,No,"12,600",9/27/2018,$0,4/23/2007,"$178,000"
39103081,4,1,"1,440","$137,800",1,1970,C+ / AVERAGE+,8334 CELIANNA DR,"STRONGSVILLE, OH. 44149",AVERAGE,ATTACHED,No,"12,600",7/16/2010,"$126,000",3/4/2010,"$83,334"
39103082,3,1,"1,560","$147,100",1,1970,C+ / AVERAGE+,8328 CELIANNA DR,"STRONGSVILLE, OH. 44149",AVERAGE,ATTACHED,N/A,"12,600",7/5/2013,"$144,000",10/1/2012,"$75,000"
39103083,3,1,"1,520","$158,600",1,1970,C+ / AVERAGE+,8324 CELIANNA DR,"STRONGSVILLE, OH. 44149",AVERAGE,ATTACHED,No,"12,600",8/18/2006,"$171,000",4/29/2003,"$156,000"
39103084,4,1,"1,608","$161,700",1,1970,C+ / AVERAGE+,8320 CELIANNA DR,"STRONGSVILLE, OH. 44149",GOOD,ATTACHED,N/A,"12,600",10/30/2018,"$192,000",8/9/2018,"$111,000"
39103085,3,1,"1,560","$139,800",1,1970,C+ / AVERAGE+,8316 CELIANNA DR,"STRONGSVILLE, OH. 44149",AVERAGE,ATTACHED,N/A,"12,600",6/13/2017,$0,11/9/1988,"$80,000"
39103086,3,1,"1,520","$140,400",1,1970,C+ / AVERAGE+,8312 CELIANNA DR,"STRONGSVILLE, OH. 44149",AVERAGE,ATTACHED,No,"12,600",2/24/1994,$0,7/27/1990,"$94,000"
39103087,4,1,"1,792","$149,300",1,1970,C+ / AVERAGE+,8308 CELIANNA DR,"STRONGSVILLE, OH. 44149",AVERAGE,ATTACHED,No,"12,600",7/14/2016,$0,2/12/2015,$0
39103088,3,1,"1,488","$151,600",1,1970,C+ / AVERAGE+,8300 CELIANNA DR,"STRONGSVILLE, OH. 44149",GOOD,ATTACHED,N/A,"13,650",6/28/2007,"$147,500",3/28/2002,"$146,000"
39103089,5,1,"2,352","$157,100",1,1971,C+ / AVERAGE+,22255 LORRAINE DR,"STRONGSVILLE, OH. 44149",AVERAGE,ATTACHED,No,"13,630",7/15/2016,"$119,000",1/1/1975,$0
39103090,4,1,"1,440","$153,200",1,1970,C+ / AVERAGE+,22251 LORRAINE DR,"STRONGSVILLE, OH. 44149",AVERAGE,ATTACHED,No,"13,500",8/19/2009,"$167,000",11/5/1999,$0
39103091,3,1,"1,480","$148,900",1,1970,C+ / AVERAGE+,22245 LORRAINE DR,"STRONGSVILLE, OH. 44149",AVERAGE,ATTACHED,N/A,"15,750",9/25/2017,$0,5/19/1986,"$72,500"
39103092,3,1,"1,608","$144,600",1,1970,C+ / AVERAGE+,22241 LORRAINE DR,"STRONGSVILLE, OH. 44149",AVERAGE,ATTACHED,No,"15,480",5/24/2002,"$145,000",6/23/1998,"$125,000"
39103093,3,2,"1,664","$166,300",1,1971,B / GOOD,22272 LORRAINE DR,"STRONGSVILLE, OH. 44149",AVERAGE,ATTACHED,No,"13,600",10/6/1989,"$108,000",1/1/1975,$0
39103094,4,2,"1,560","$151,200",0,1970,B / GOOD,22266 LORRAINE DR,"STRONGSVILLE, OH. 44149",AVERAGE,ATTACHED,N/A,"13,600",1/9/2018,"$164,000",3/19/2015,$0
39103095,4,2,"1,550","$159,600",1,1970,B / GOOD,22260 LORRAINE DR,"STRONGSVILLE, OH. 44149",AVERAGE,ATTACHED,No,"14,186",7/18/2017,"$149,000",6/10/2015,$0
39103096,3,1,"1,520","$146,900",1,1971,B / GOOD,22256 LORRAINE DR,"STRONGSVILLE, OH. 44149",AVERAGE,ATTACHED,No,"12,800",6/27/2001,"$145,000",7/31/1996,"$124,000"
39103097,4,1,"1,664","$161,300",1,1971,B / GOOD,22250 LORRAINE DR,"STRONGSVILLE, OH. 44149",AVERAGE,ATTACHED,No,"12,400",6/21/2019,"$198,000",9/29/2014,"$139,900"
39103098,3,1,"1,520","$153,400",1,1971,B / GOOD,22244 LORRAINE DR,"STRONGSVILLE, OH. 44149",GOOD,ATTACHED,N/A,"12,710",10/25/2017,"$159,400",6/27/2013,"$150,000"
39103099,3,1,"1,608","$137,100",1,1971,C+ / AVERAGE+,22240 LORRAINE DR,"STRONGSVILLE, OH. 44149",AVERAGE,ATTACHED,No,"13,800",11/24/2010,"$124,000",2/2/2010,"$100,000"
39104001,4,2,"2,428","$199,700",1,1979,B+ / GOOD+,22340 BEECH CREEK TRL,"STRONGSVILLE, OH. 44149",AVERAGE,ATTACHED,No,"12,000",9/16/2016,$0,5/25/1990,"$130,000"
39104002,3,2,"1,500","$196,900",0,2001,C+ / AVERAGE+,9236 PRIEM RD,"STRONGSVILLE, OH. 44149",GOOD,ATTACHED,N/A,"14,374",10/1/2015,"$184,000",2/5/2007,"$183,000"
39104003,2,1,"1,388","$146,300",0,1957,C+ / AVERAGE+,8716 PRIEM RD,"STRONGSVILLE, OH. 44149",AVERAGE,ATTACHED,N/A,"15,000",6/30/2015,$0,5/15/1986,"$69,000"
39104004,3,1,"1,939","$157,600",1,1957,C+ / AVERAGE+,8760 PRIEM RD,"STRONGSVILLE, OH. 44149",GOOD,ATTACHED,No,"15,000",2/16/2010,$0,4/27/2006,$0
39104005,3,1,"1,075","$144,700",0,1957,B / GOOD,8808 PRIEM RD,"STRONGSVILLE, OH. 44149",AVERAGE,ATTACHED,No,"15,000",10/12/2007,$0,3/4/1985,$0
39104006,3,1,"1,103","$139,100",0,1957,B / GOOD,8850 PRIEM RD,"STRONGSVILLE, OH. 44149",AVERAGE,ATTACHED,No,"15,000",1/13/2004,$0,5/30/1997,"$107,000"
39104007,3,1,"1,008","$134,300",0,1957,C+ / AVERAGE+,8898 PRIEM RD,"STRONGSVILLE, OH. 44149",AVERAGE,ATTACHED,No,"15,000",8/17/2011,"$82,000",5/2/1983,"$55,000"
39104008,3,1,"1,050","$132,500",0,1957,B / GOOD,8940 PRIEM RD,"STRONGSVILLE, OH. 44149",AVERAGE,ATTACHED,No,"15,000",12/9/1999,$0,1/21/1986,$0
39104009,3,1,"1,106","$135,400",0,1957,B / GOOD,8988 PRIEM RD,"STRONGSVILLE, OH. 44149",AVERAGE,ATTACHED,N/A,"15,000",9/25/2018,"$132,000",7/9/2015,$0
39104010,3,1,"1,509","$159,700",1,1959,B / GOOD,9030 PRIEM RD,"STRONGSVILLE, OH. 44149",GOOD,ATTACHED,No,"15,000",12/22/2008,"$152,000",5/2/1977,"$59,500"
39104011,4,1,"1,250","$136,700",1,1958,B / GOOD,9082 PRIEM RD,"STRONGSVILLE, OH. 44149",AVERAGE,ATTACHED,No,"11,250",8/2/1993,"$105,000",1/1/1975,$0
39104012,3,1,"1,050","$140,000",0,1959,B / GOOD,9122 PRIEM RD,"STRONGSVILLE, OH. 44149",AVERAGE,ATTACHED,No,"11,250",1/4/1983,"$63,000",1/1/1975,$0
39104013,3,1,"1,040","$135,800",1,1958,C+ / AVERAGE+,9164 PRIEM RD,"STRONGSVILLE, OH. 44149",GOOD,ATTACHED,No,"12,000",7/1/1981,$0,1/1/1975,$0
39104014,4,2,"1,650","$160,300",0,1963,C+ / AVERAGE+,22151 JONATHAN DR,"STRONGSVILLE, OH. 44149",AVERAGE,DETACHED,N/A,"17,850",10/24/2002,"$115,000",8/27/1992,$0
39104015,3,1,"1,684","$142,000",1,1963,C+ / AVERAGE+,22189 JONATHAN DR,"STRONGSVILLE, OH. 44149",AVERAGE,ATTACHED,N/A,"17,400",4/6/2018,"$167,000",4/25/2011,$0
39104016,3,1,"1,684","$154,100",1,1963,C+ / AVERAGE+,22223 JONATHAN DR,"STRONGSVILLE, OH. 44149",AVERAGE,ATTACHED,N/A,"15,900",5/31/2012,"$145,000",6/3/2011,"$84,000"
39104017,3,1,"1,684","$150,000",1,1963,B / GOOD,9035 LINCOLNSHIRE BLVD,"STRONGSVILLE, OH. 44149",GOOD,ATTACHED,No,"11,700",11/24/2015,"$150,000",6/13/2006,"$172,000"
39104018,3,2,"1,824","$172,300",0,1974,B / GOOD,8993 LINCOLNSHIRE BLVD,"STRONGSVILLE, OH. 44149",GOOD,ATTACHED,N/A,"11,550",7/18/2014,"$174,000",11/7/2005,"$170,000"
39104019,3,1,"1,684","$146,500",1,1963,B / GOOD,8985 LINCOLNSHIRE TRL,"STRONGSVILLE, OH. 44149",AVERAGE,ATTACHED,No,"11,550",10/29/2014,"$130,000",4/11/2001,"$142,600"
39104020,3,2,"1,581","$141,300",0,1974,B / GOOD,8941 LINCOLNSHIRE BLVD,"STRONGSVILLE, OH. 44149",AVERAGE,ATTACHED,No,"11,550",10/25/2016,"$159,000",7/20/2010,"$125,000"
39104021,3,1,"1,684","$137,700",1,1963,B / GOOD,8899 LINCOLNSHIRE BLVD,"STRONGSVILLE, OH. 44149",AVERAGE,ATTACHED,N/A,"11,550",10/7/2004,$0,3/18/1998,$0
39104022,4,1,"2,612","$171,200",1,1968,B / GOOD,8855 LINCOLNSHIRE BLVD,"STRONGSVILLE, OH. 44149",AVERAGE,ATTACHED,N/A,"11,550",10/22/1976,$0,1/1/1975,$0
39104023,3,1,"1,580","$146,000",1,1968,B / GOOD,8813 LINCOLNSHIRE BLVD,"STRONGSVILLE, OH. 44149",AVERAGE,ATTACHED,No,"11,550",1/10/1991,$0,8/30/1990,$0
39104024,3,1,"1,580","$146,100",1,1968,B / GOOD,8805 LINCOLNSHIRE BLVD,"STRONGSVILLE, OH. 44149",AVERAGE,ATTACHED,No,"11,550",12/2/1994,$0,1/1/1975,$0
39104025,3,1,"1,684","$147,500",1,1963,B / GOOD,8761 LINCOLNSHIRE BLVD,"STRONGSVILLE, OH. 44149",AVERAGE,ATTACHED,N/A,"11,550",9/10/1986,"$70,900",5/20/1985,$0
39104026,3,1,"1,684","$124,800",1,1963,B / GOOD,8717 LINCOLNSHIRE BLVD,"STRONGSVILLE, OH. 44149",AVERAGE,ATTACHED,No,"11,550",4/12/2013,"$110,000",8/26/2005,$0
39104027,3,1,"1,012","$142,600",0,1963,B / GOOD,8716 LINCOLNSHIRE BLVD,"STRONGSVILLE, OH. 44149",AVERAGE,ATTACHED,No,"11,550",4/20/2011,"$89,000",1/25/2011,"$83,334"
39104028,3,1,"1,662","$136,400",1,1964,B / GOOD,8760 LINCOLNSHIRE BLVD,"STRONGSVILLE, OH. 44149",AVERAGE,ATTACHED,No,"11,550",10/21/1998,$0,1/1/1975,$0
39104029,3,1,"1,722","$144,800",1,1964,B / GOOD,8804 LINCOLNSHIRE BLVD,"STRONGSVILLE, OH. 44149",AVERAGE,ATTACHED,No,"11,550",3/31/2008,"$129,900",11/17/2003,$0
39104030,4,2,"2,329","$170,600",0,1966,B / GOOD,8812 LINCOLNSHIRE BLVD,"STRONGSVILLE, OH. 44149",GOOD,ATTACHED,N/A,"11,550",10/8/2004,$0,4/13/2001,"$159,000"
39104031,3,1,"1,684","$147,100",1,1963,B / GOOD,8854 LINCOLNSHIRE BLVD,"STRONGSVILLE, OH. 44149",GOOD,ATTACHED,N/A,"11,550",11/26/2014,"$148,900",3/13/2014,"$75,675"
39104032,3,1,"1,308","$150,300",1,1966,B / GOOD,8898 LINCOLNSHIRE BLVD,"STRONGSVILLE, OH. 44149",AVERAGE,ATTACHED,N/A,"11,550",3/11/2005,$0,1/1/1975,$0
39104033,3,1,"1,832","$162,000",1,1966,B / GOOD,8902 LINCOLNSHIRE BLVD,"STRONGSVILLE, OH. 44149",AVERAGE,ATTACHED,No,"11,550",10/16/2012,"$150,000",5/24/1984,"$77,300"
39104034,4,1,"2,236","$161,100",1,1974,B / GOOD,8944 LINCOLNSHIRE BLVD,"STRONGSVILLE, OH. 44149",GOOD,ATTACHED,No,"11,550",5/31/2016,"$164,900",11/30/1998,"$139,000"
39104035,3,2,"1,608","$167,100",1,1974,B / GOOD,8988 LINCOLNSHIRE BLVD,"STRONGSVILLE, OH. 44149",AVERAGE,ATTACHED,No,"11,550",9/18/2013,"$163,000",8/15/2005,"$155,000"
39104036,4,1,"1,968","$177,700",1,1974,B / GOOD,9030 LINCOLNSHIRE BLVD,"STRONGSVILLE, OH. 44149",AVERAGE,ATTACHED,No,"11,550",12/8/2006,"$172,000",1/27/1994,$0
39104037,3,1,"1,684","$143,100",1,1963,B / GOOD,9074 LINCOLNSHIRE BLVD,"STRONGSVILLE, OH. 44149",AVERAGE,ATTACHED,No,"12,000",3/10/1993,$0,12/28/1979,$0
39104039,3,2,"1,823","$192,600",0,1995,B / GOOD,9260 PRIEM RD,"STRONGSVILLE, OH. 44149",AVERAGE,ATTACHED,N/A,"14,250",11/7/2014,"$164,500",3/28/2011,"$127,000"
39104040,3,2,"1,622","$148,900",0,1970,B / GOOD,22227 JONATHAN DR,"STRONGSVILLE, OH. 44149",AVERAGE,ATTACHED,No,"14,744",10/28/2019,$0,5/7/2013,"$128,150"
39104041,4,1,"1,686","$167,900",1,1970,B / GOOD,22239 JONATHAN DR,"STRONGSVILLE, OH. 44149",GOOD,ATTACHED,N/A,"14,820",10/17/1978,"$72,000",9/10/1976,$0
39104043,4,1,"1,836","$134,900",2,1970,B / GOOD,22249 JONATHAN DR,"STRONGSVILLE, OH. 44149",AVERAGE,ATTACHED,No,"15,352",10/1/2013,$0,11/24/2000,$0
39104044,4,1,"1,660","$175,600",1,1970,B / GOOD,22255 JONATHAN DR,"STRONGSVILLE, OH. 44149",GOOD,ATTACHED,No,"15,504",5/10/2010,"$170,000",7/17/2003,"$179,500"
39104045,4,2,"1,792","$159,400",1,1969,B / GOOD,22261 JONATHAN DR,"STRONGSVILLE, OH. 44149",AVERAGE,ATTACHED,N/A,"15,124",1/8/2013,"$162,300",9/26/2011,$0
39104046,4,2,"1,836","$167,200",1,1970,B / GOOD,22258 JONATHAN DR,"STRONGSVILLE, OH. 44149",AVERAGE,ATTACHED,No,"13,725",3/9/2005,"$173,125",12/20/2001,$0
39104047,3,1,"1,608","$131,800",1,1971,B / GOOD,22254 JONATHAN DR,"STRONGSVILLE, OH. 44149",AVERAGE,ATTACHED,No,"12,750",3/31/2014,$0,6/28/2012,"$115,000"
39104048,4,1,"1,680","$158,100",1,1970,B / GOOD,8388 CELIANNA DR,"STRONGSVILLE, OH. 44149",AVERAGE,ATTACHED,No,"12,600",7/16/2018,$0,9/22/1993,"$113,800"
39104049,3,1,"1,560","$138,100",1,1970,B / GOOD,8382 CELIANNA DR,"STRONGSVILLE, OH. 44149",AVERAGE,ATTACHED,No,"12,600",5/20/1999,$0,1/1/1975,$0
39104050,4,1,"1,840","$174,600",1,1970,B / GOOD,8378 CELIANNA DR,"STRONGSVILLE, OH. 44149",AVERAGE,ATTACHED,N/A,"12,600",3/28/2007,"$180,000",12/10/1987,$0
39104051,4,2,"1,608","$162,200",1,1970,B / GOOD,8372 CELIANNA DR,"STRONGSVILLE, OH. 44149",AVERAGE,ATTACHED,N/A,"12,600",7/16/2004,"$176,900",10/17/1985,$0
39104052,3,1,"1,560","$142,800",1,1970,B / GOOD,8366 CELIANNA DR,"STRONGSVILLE, OH. 44149",AVERAGE,ATTACHED,No,"12,600",9/24/2015,"$132,000",3/5/2009,$0
39104053,4,2,"1,600","$155,600",1,1970,B / GOOD,8360 CELIANNA DR,"STRONGSVILLE, OH. 44149",AVERAGE,ATTACHED,No,"12,600",8/4/1983,$0,1/1/1975,$0
39104054,3,2,"1,520","$145,000",1,1970,B / GOOD,8354 CELIANNA DR,"STRONGSVILLE, OH. 44149",AVERAGE,ATTACHED,No,"12,600",5/13/1985,"$69,000",6/16/1978,"$61,000"
39104055,3,1,"1,560","$144,300",1,1970,B / GOOD,8348 CELIANNA DR,"STRONGSVILLE, OH. 44149",AVERAGE,ATTACHED,No,"12,600",9/28/2016,"$150,000",8/2/1989,"$87,500"
39104056,4,2,"1,248","$160,300",1,1971,B / GOOD,8387 CELIANNA DR,"STRONGSVILLE, OH. 44149",GOOD,ATTACHED,N/A,"12,600",3/16/1992,$0,1/1/1975,$0
39104057,5,1,"2,352","$192,300",2,1969,B / GOOD,8391 CELIANNA DR,"STRONGSVILLE, OH. 44149",GOOD,ATTACHED,No,"12,600",9/25/2013,$0,12/18/2001,$0
39104058,4,1,"1,600","$159,700",1,1971,B / GOOD,8399 CELIANNA DR,"STRONGSVILLE, OH. 44149",GOOD,ATTACHED,No,"12,600",5/21/1999,"$146,900",8/1/1978,"$68,000"
39104059,4,2,"1,782","$180,200",1,1970,B / GOOD,8405 CELIANNA DR,"STRONGSVILLE, OH. 44149",AVERAGE,ATTACHED,N/A,"12,600",6/29/2015,$0,5/26/2015,"$181,000"
39104060,4,1,"1,688","$155,300",1,1970,B / GOOD,8411 CELIANNA DR,"STRONGSVILLE, OH. 44149",AVERAGE,ATTACHED,No,"12,600",6/21/2013,"$144,000",6/27/2008,"$164,000"
39104061,3,1,"1,608","$150,200",1,1971,B / GOOD,8417 CELIANNA DR,"STRONGSVILLE, OH. 44149",AVERAGE,ATTACHED,No,"12,600",10/19/1993,"$106,000",10/21/1987,"$82,500"
39104062,4,2,"1,932","$176,100",1,1971,B / GOOD,8421 CELIANNA DR,"STRONGSVILLE, OH. 44149",GOOD,ATTACHED,No,"12,600",10/10/2006,"$186,000",8/12/1987,"$97,500"
39104063,4,1,"1,792","$161,600",1,1971,B / GOOD,8429 CELIANNA DR,"STRONGSVILLE, OH. 44149",GOOD,ATTACHED,N/A,"12,600",10/6/2016,$0,1/28/2016,$0
39104064,4,2,"1,796","$153,100",1,1970,B / GOOD,8435 CELIANNA DR,"STRONGSVILLE, OH. 44149",GOOD,ATTACHED,No,"12,600",10/15/2014,$0,12/31/1980,$0
39104065,4,2,"1,792","$147,800",1,1970,B / GOOD,8439 CELIANNA DR,"STRONGSVILLE, OH. 44149",AVERAGE,ATTACHED,No,"12,750",3/31/2014,$0,8/18/2011,"$135,000"
39104066,4,1,"1,792","$169,900",2,1973,B / GOOD,8374 BARTON DR,"STRONGSVILLE, OH. 44149",AVERAGE,ATTACHED,No,"13,500",9/8/2016,"$169,900",7/26/1977,"$57,500"
39104067,4,1,"1,862","$178,500",1,1973,B / GOOD,8384 BARTON DR,"STRONGSVILLE, OH. 44149",GOOD,ATTACHED,No,"13,500",8/24/2009,"$171,000",3/8/2006,$0
39104068,4,2,"2,016","$182,500",1,1973,B / GOOD,8396 BARTON DR,"STRONGSVILLE, OH. 44149",GOOD,ATTACHED,No,"13,500",12/3/2019,"$253,000",1/16/2015,"$168,900"
39104069,4,1,"1,648","$171,400",1,1973,B / GOOD,8412 BARTON DR,"STRONGSVILLE, OH. 44149",AVERAGE,ATTACHED,No,"13,500",9/16/2019,"$152,000",7/15/2019,$0
